uid, iter, step, Scheduling, StagingInput, AgentStagingInputPending, AgentStagingInput, AllocatingPending, Allocating, ExecutingPending, Executing, AgentStagingOutputPending, AgentStagingOutput, PendingOutputStaging, StagingOutput, Done

unit.000000, 1, sim, 1457398432.97, 1457398435.34, 1457398435.34, 1457398438.54, 1457398438.55, 1457398438.56, 1457398438.57,1457398439.64, 1457398631.21, 1457398631.22, 1457398631.24, 1457398632.59, 1457398632.62
unit.000001, 1, sim, 1457398432.97, 1457398436.39, 1457398436.39, 1457398439.69, 1457398439.71, 1457398439.71, 1457398439.72,1457398439.92, 1457398643.94, 1457398643.95, 1457398643.98, 1457398644.69, 1457398644.72
unit.000002, 1, sim, 1457398432.97, 1457398434.61, 1457398434.61, 1457398438.13, 1457398438.14, 1457398438.15, 1457398438.15,1457398438.21, 1457398651.16, 1457398651.31, 1457398651.31, 1457398653.1, 1457398653.13
unit.000003, 1, sim, 1457398432.97, 1457398435.85, 1457398435.85, 1457398438.88, 1457398438.89, 1457398438.89, 1457398438.9,1457398439.84, 1457398631.72, 1457398631.74, 1457398631.74, 1457398632.85, 1457398632.88
unit.000004, 1, sim, 1457398432.97, 1457398434.94, 1457398434.94, 1457398438.28, 1457398438.28, 1457398438.29, 1457398438.3,1457398438.57, 1457398659.73, 1457398659.73, 1457398659.74, 1457398661.54, 1457398661.57
unit.000005, 1, sim, 1457398432.97, 1457398435.1, 1457398435.1, 1457398438.39, 1457398438.4, 1457398438.4, 1457398438.41,1457398438.84, 1457398630.91, 1457398630.93, 1457398630.93, 1457398632.4, 1457398632.42
unit.000006, 1, sim, 1457398432.97, 1457398435.23, 1457398435.23, 1457398438.45, 1457398438.46, 1457398438.47, 1457398438.47,1457398438.97, 1457398631.91, 1457398631.92, 1457398631.97, 1457398632.51, 1457398632.54
unit.000007, 1, sim, 1457398432.97, 1457398434.88, 1457398434.88, 1457398438.22, 1457398438.23, 1457398438.23, 1457398438.24,1457398438.43, 1457398651.56, 1457398651.57, 1457398651.57, 1457398653.15, 1457398653.18
unit.000008, 1, sim, 1457398432.98, 1457398435.46, 1457398435.46, 1457398438.62, 1457398438.63, 1457398438.63, 1457398438.64,1457398439.78, 1457398630.81, 1457398630.83, 1457398630.9, 1457398632.7, 1457398632.73
unit.000009, 1, sim, 1457398432.98, 1457398435.63, 1457398435.63, 1457398438.73, 1457398438.74, 1457398438.74, 1457398438.75,1457398439.8, 1457398631.58, 1457398631.61, 1457398631.61, 1457398632.79, 1457398632.82
unit.000010, 1, sim, 1457398432.98, 1457398435.74, 1457398435.74, 1457398438.78, 1457398438.79, 1457398438.8, 1457398438.81,1457398439.82, 1457398645.35, 1457398645.35, 1457398645.36, 1457398645.73, 1457398645.76
unit.000011, 1, sim, 1457398432.98, 1457398435.4, 1457398435.4, 1457398438.58, 1457398438.59, 1457398438.6, 1457398438.6,1457398439.74, 1457398630.91, 1457398630.94, 1457398630.94, 1457398632.65, 1457398632.67
unit.000012, 1, sim, 1457398432.98, 1457398435.85, 1457398435.85, 1457398438.86, 1457398438.87, 1457398438.87, 1457398438.88,1457398439.83, 1457398646.65, 1457398646.65, 1457398646.66, 1457398647.89, 1457398647.92
unit.000013, 1, sim, 1457398432.98, 1457398436.01, 1457398436.01, 1457398438.98, 1457398438.99, 1457398439.0, 1457398439.01,1457398439.86, 1457398632.12, 1457398632.12, 1457398632.13, 1457398632.91, 1457398632.94
unit.000014, 1, sim, 1457398432.98, 1457398436.06, 1457398436.06, 1457398439.02, 1457398439.03, 1457398439.04, 1457398439.04,1457398439.87, 1457398659.57, 1457398659.72, 1457398659.72, 1457398661.55, 1457398661.57
unit.000015, 1, sim, 1457398432.98, 1457398436.13, 1457398436.13, 1457398439.08, 1457398439.09, 1457398439.09, 1457398439.1,1457398439.88, 1457398637.13, 1457398637.13, 1457398637.16, 1457398638.42, 1457398638.45
unit.000016, 1, sim, 1457398432.98, 1457398436.24, 1457398436.24, 1457398439.6, 1457398439.62, 1457398439.62, 1457398439.63,1457398439.9, 1457398632.57, 1457398632.58, 1457398632.58, 1457398634.25, 1457398634.28
unit.000017, 1, sim, 1457398432.98, 1457398436.34, 1457398436.34, 1457398439.66, 1457398439.67, 1457398439.67, 1457398439.68,1457398439.91, 1457398631.6, 1457398631.63, 1457398631.64, 1457398633.01, 1457398633.04
unit.000018, 1, sim, 1457398432.98, 1457398436.4, 1457398436.4, 1457398439.72, 1457398439.72, 1457398439.73, 1457398439.74,1457398439.92, 1457398648.05, 1457398648.06, 1457398648.06, 1457398648.93, 1457398648.95
unit.000019, 1, sim, 1457398432.98, 1457398435.17, 1457398435.17, 1457398438.41, 1457398438.41, 1457398438.42, 1457398438.43,1457398438.89, 1457398631.1, 1457398631.11, 1457398631.12, 1457398632.42, 1457398632.45
unit.000020, 1, sim, 1457398432.98, 1457398434.83, 1457398434.83, 1457398438.2, 1457398438.21, 1457398438.22, 1457398438.23,1457398438.38, 1457398636.73, 1457398636.87, 1457398636.88, 1457398638.41, 1457398638.44
unit.000021, 1, sim, 1457398432.98, 1457398436.45, 1457398436.45, 1457398439.76, 1457398439.76, 1457398439.77, 1457398439.77,1457398439.93, 1457398631.73, 1457398631.76, 1457398631.77, 1457398633.07, 1457398633.09
unit.000022, 1, sim, 1457398432.98, 1457398435.4, 1457398435.4, 1457398438.56, 1457398438.57, 1457398438.58, 1457398438.59,1457398439.7, 1457398631.81, 1457398631.82, 1457398631.84, 1457398632.63, 1457398632.65
unit.000023, 1, sim, 1457398432.99, 1457398436.07, 1457398436.07, 1457398439.04, 1457398439.05, 1457398439.05, 1457398439.06,1457398439.87, 1457398669.99, 1457398670.14, 1457398670.15, 1457398671.99, 1457398672.02
unit.000024, 1, sim, 1457398432.99, 1457398435.79, 1457398435.79, 1457398438.82, 1457398438.83, 1457398438.84, 1457398438.85,1457398439.82, 1457398644.53, 1457398644.53, 1457398644.54, 1457398645.78, 1457398645.8
unit.000025, 1, sim, 1457398432.99, 1457398435.68, 1457398435.68, 1457398438.75, 1457398438.76, 1457398438.76, 1457398438.77,1457398439.81, 1457398665.69, 1457398665.83, 1457398665.84, 1457398666.85, 1457398666.87
unit.000026, 1, sim, 1457398432.99, 1457398436.28, 1457398436.28, 1457398439.62, 1457398439.63, 1457398439.64, 1457398439.65,1457398439.9, 1457398631.59, 1457398631.62, 1457398631.63, 1457398632.97, 1457398633.0
unit.000027, 1, sim, 1457398432.99, 1457398435.05, 1457398435.05, 1457398438.35, 1457398438.36, 1457398438.36, 1457398438.37,1457398438.75, 1457398630.55, 1457398630.56, 1457398630.56, 1457398632.34, 1457398632.37
unit.000028, 1, sim, 1457398432.99, 1457398434.77, 1457398434.77, 1457398438.18, 1457398438.19, 1457398438.2, 1457398438.2,1457398438.34, 1457398630.9, 1457398630.92, 1457398630.92, 1457398632.23, 1457398632.26
unit.000029, 1, sim, 1457398432.99, 1457398435.91, 1457398435.91, 1457398438.92, 1457398438.93, 1457398438.93, 1457398438.94,1457398439.85, 1457398632.42, 1457398632.57, 1457398632.58, 1457398634.21, 1457398634.23
unit.000030, 1, sim, 1457398432.99, 1457398436.23, 1457398436.23, 1457398439.58, 1457398439.6, 1457398439.61, 1457398439.61,1457398439.89, 1457398639.53, 1457398639.68, 1457398639.68, 1457398641.55, 1457398641.58
unit.000031, 1, sim, 1457398432.99, 1457398435.63, 1457398435.63, 1457398438.71, 1457398438.72, 1457398438.73, 1457398438.73,1457398439.8, 1457398664.38, 1457398664.39, 1457398664.43, 1457398664.74, 1457398664.76
unit.000032, 1, sim, 1457398432.99, 1457398434.72, 1457398434.72, 1457398438.17, 1457398438.18, 1457398438.18, 1457398438.19,1457398438.29, 1457398662.53, 1457398662.54, 1457398662.54, 1457398663.66, 1457398663.68
unit.000033, 1, sim, 1457398432.99, 1457398434.89, 1457398434.89, 1457398438.24, 1457398438.25, 1457398438.25, 1457398438.26,1457398438.48, 1457398643.34, 1457398643.49, 1457398643.49, 1457398644.65, 1457398644.67
unit.000034, 1, sim, 1457398432.99, 1457398435.05, 1457398435.05, 1457398438.33, 1457398438.34, 1457398438.35, 1457398438.35,1457398438.7, 1457398630.8, 1457398630.81, 1457398630.82, 1457398632.31, 1457398632.34
unit.000035, 1, sim, 1457398432.99, 1457398435.29, 1457398435.29, 1457398438.5, 1457398438.52, 1457398438.52, 1457398438.53,1457398439.1, 1457398631.12, 1457398631.14, 1457398631.17, 1457398632.56, 1457398632.6
unit.000036, 1, sim, 1457398432.99, 1457398435.17, 1457398435.17, 1457398438.42, 1457398438.44, 1457398438.44, 1457398438.46,1457398438.92, 1457398630.8, 1457398630.82, 1457398630.83, 1457398632.45, 1457398632.48
unit.000037, 1, sim, 1457398432.99, 1457398436.18, 1457398436.18, 1457398439.12, 1457398439.58, 1457398439.59, 1457398439.59,1457398439.89, 1457398656.87, 1457398657.02, 1457398657.02, 1457398658.41, 1457398658.44
unit.000038, 1, sim, 1457398433.0, 1457398436.29, 1457398436.29, 1457398439.65, 1457398439.65, 1457398439.66, 1457398439.67,1457398439.9, 1457398633.12, 1457398633.15, 1457398633.18, 1457398634.26, 1457398634.29
unit.000039, 1, sim, 1457398433.0, 1457398435.28, 1457398435.28, 1457398438.49, 1457398438.5, 1457398438.51, 1457398438.51,1457398439.07, 1457398631.58, 1457398631.59, 1457398631.6, 1457398632.54, 1457398632.56
unit.000040, 1, sim, 1457398433.0, 1457398435.57, 1457398435.57, 1457398438.67, 1457398438.68, 1457398438.69, 1457398438.7,1457398439.79, 1457398633.12, 1457398633.13, 1457398633.15, 1457398634.2, 1457398634.22
unit.000041, 1, sim, 1457398433.0, 1457398435.34, 1457398435.34, 1457398438.53, 1457398438.54, 1457398438.54, 1457398438.55,1457398439.59, 1457398633.32, 1457398633.33, 1457398633.36, 1457398634.14, 1457398634.17
unit.000042, 1, sim, 1457398433.0, 1457398435.69, 1457398435.69, 1457398438.77, 1457398438.78, 1457398438.79, 1457398438.79,1457398439.81, 1457398653.06, 1457398653.07, 1457398653.08, 1457398654.23, 1457398654.26
unit.000043, 1, sim, 1457398433.0, 1457398435.51, 1457398435.51, 1457398438.64, 1457398438.65, 1457398438.65, 1457398438.66,1457398439.78, 1457398633.32, 1457398633.36, 1457398633.39, 1457398634.15, 1457398634.18
unit.000044, 1, sim, 1457398433.0, 1457398435.9, 1457398435.9, 1457398438.9, 1457398438.91, 1457398438.91, 1457398438.92,1457398439.84, 1457398663.08, 1457398663.09, 1457398663.09, 1457398663.71, 1457398663.74
unit.000045, 1, sim, 1457398433.0, 1457398434.99, 1457398434.99, 1457398438.3, 1457398438.3, 1457398438.31, 1457398438.32,1457398438.61, 1457398651.56, 1457398651.58, 1457398651.58, 1457398653.15, 1457398653.18
unit.000046, 1, sim, 1457398433.0, 1457398436.12, 1457398436.12, 1457398439.06, 1457398439.07, 1457398439.07, 1457398439.08,1457398439.87, 1457398649.16, 1457398649.17, 1457398649.18, 1457398650.0, 1457398650.03
unit.000047, 1, sim, 1457398433.0, 1457398436.34, 1457398436.34, 1457398439.68, 1457398439.69, 1457398439.69, 1457398439.7,1457398439.91, 1457398631.82, 1457398631.85, 1457398631.85, 1457398633.02, 1457398633.05
unit.000048, 1, sim, 1457398433.0, 1457398435.23, 1457398435.23, 1457398438.47, 1457398438.48, 1457398438.49, 1457398438.49,1457398439.03, 1457398631.11, 1457398631.13, 1457398631.13, 1457398632.48, 1457398632.51
unit.000049, 1, sim, 1457398433.0, 1457398435.96, 1457398435.96, 1457398438.94, 1457398438.95, 1457398438.95, 1457398438.96,1457398439.85, 1457398631.59, 1457398631.62, 1457398631.62, 1457398632.86, 1457398632.89
unit.000050, 1, sim, 1457398433.0, 1457398434.55, 1457398434.55, 1457398438.12, 1457398438.12, 1457398438.13, 1457398438.13,1457398438.15, 1457398654.67, 1457398654.81, 1457398654.82, 1457398656.35, 1457398656.37
unit.000051, 1, sim, 1457398433.0, 1457398435.97, 1457398435.97, 1457398438.95, 1457398438.96, 1457398438.97, 1457398438.98,1457398439.85, 1457398645.95, 1457398645.95, 1457398645.96, 1457398646.81, 1457398646.84
unit.000052, 1, sim, 1457398433.0, 1457398436.17, 1457398436.17, 1457398439.09, 1457398439.11, 1457398439.11, 1457398439.12,1457398439.88, 1457398631.41, 1457398631.57, 1457398631.57, 1457398632.96, 1457398632.99
unit.000053, 1, sim, 1457398433.01, 1457398435.51, 1457398435.51, 1457398438.66, 1457398438.67, 1457398438.67, 1457398438.68,1457398439.79, 1457398631.0, 1457398631.01, 1457398631.02, 1457398632.74, 1457398632.77
unit.000054, 1, sim, 1457398433.01, 1457398435.74, 1457398435.74, 1457398438.81, 1457398438.81, 1457398438.82, 1457398438.83,1457398439.82, 1457398652.96, 1457398652.97, 1457398653.01, 1457398654.24, 1457398654.27
unit.000055, 1, sim, 1457398433.01, 1457398436.45, 1457398436.45, 1457398439.73, 1457398439.74, 1457398439.75, 1457398439.75,1457398439.93, 1457398671.5, 1457398671.5, 1457398671.51, 1457398673.08, 1457398673.11
unit.000056, 1, sim, 1457398433.01, 1457398435.46, 1457398435.46, 1457398438.6, 1457398438.61, 1457398438.62, 1457398438.62,1457398439.77, 1457398630.92, 1457398630.95, 1457398630.95, 1457398632.68, 1457398632.71
unit.000057, 1, sim, 1457398433.01, 1457398434.99, 1457398434.99, 1457398438.31, 1457398438.32, 1457398438.32, 1457398438.33,1457398438.65, 1457398632.72, 1457398632.72, 1457398632.73, 1457398634.1, 1457398634.13
unit.000058, 1, sim, 1457398433.01, 1457398434.66, 1457398434.66, 1457398438.14, 1457398438.16, 1457398438.16, 1457398438.17,1457398438.25, 1457398662.38, 1457398662.53, 1457398662.53, 1457398663.65, 1457398663.68
unit.000059, 1, sim, 1457398433.01, 1457398436.02, 1457398436.02, 1457398439.0, 1457398439.01, 1457398439.01, 1457398439.02,1457398439.86, 1457398631.72, 1457398631.75, 1457398631.76, 1457398632.92, 1457398632.94
unit.000060, 1, sim, 1457398433.01, 1457398435.8, 1457398435.8, 1457398438.85, 1457398438.85, 1457398438.86, 1457398438.87,1457398439.83, 1457398631.71, 1457398631.72, 1457398631.73, 1457398632.81, 1457398632.84
unit.000061, 1, sim, 1457398433.01, 1457398435.57, 1457398435.57, 1457398438.69, 1457398438.7, 1457398438.71, 1457398438.72,1457398439.79, 1457398631.01, 1457398631.02, 1457398631.09, 1457398632.75, 1457398632.78
unit.000062, 1, sim, 1457398433.01, 1457398434.94, 1457398434.94, 1457398438.26, 1457398438.27, 1457398438.27, 1457398438.28,1457398438.52, 1457398631.21, 1457398631.21, 1457398631.22, 1457398632.29, 1457398632.32
unit.000063, 1, sim, 1457398433.01, 1457398435.1, 1457398435.1, 1457398438.37, 1457398438.38, 1457398438.38, 1457398438.39,1457398438.8, 1457398630.4, 1457398630.54, 1457398630.55, 1457398632.36, 1457398632.4
unit.000064, 1, sim, 1457398676.06, 1457398677.11, 1457398677.11, 1457398677.99, 1457398677.99, 1457398678.0, 1457398678.0,1457398678.07, 1457400237.05, 1457400237.06, 1457400237.06, 1457400238.89, 1457400238.92
unit.000065, 1, sim, 1457398676.06, 1457398677.63, 1457398677.63, 1457398678.63, 1457398678.64, 1457398678.64, 1457398678.65,1457398679.13, 1457400116.36, 1457400116.37, 1457400116.37, 1457400117.25, 1457400117.28
unit.000066, 1, sim, 1457398676.06, 1457398678.69, 1457398678.69, 1457398679.66, 1457398679.68, 1457398679.68, 1457398679.68,1457398680.29, 1457400093.42, 1457400093.42, 1457400093.42, 1457400094.55, 1457400094.58
unit.000067, 1, sim, 1457398676.06, 1457398678.6, 1457398678.6, 1457398679.61, 1457398679.63, 1457398679.63, 1457398679.64,1457398680.27, 1457400102.33, 1457400102.33, 1457400102.34, 1457400103.71, 1457400103.74
unit.000068, 1, sim, 1457398676.06, 1457398678.46, 1457398678.46, 1457398679.46, 1457398679.49, 1457398679.51, 1457398679.51,1457398679.76, 1457400294.61, 1457400294.76, 1457400294.76, 1457400296.03, 1457400296.05
unit.000069, 1, sim, 1457398676.06, 1457398678.27, 1457398678.27, 1457398679.35, 1457398679.36, 1457398679.36, 1457398679.37,1457398679.71, 1457400097.91, 1457400097.92, 1457400097.92, 1457400099.29, 1457400099.31
unit.000070, 1, sim, 1457398676.06, 1457398677.33, 1457398677.33, 1457398677.97, 1457398677.98, 1457398677.98, 1457398677.99,1457398678.02, 1457400227.18, 1457400227.33, 1457400227.33, 1457400228.55, 1457400228.58
unit.000071, 1, sim, 1457398676.06, 1457398677.2, 1457398677.2, 1457398678.03, 1457398678.04, 1457398678.04, 1457398678.05,1457398678.11, 1457400218.17, 1457400218.31, 1457400218.31, 1457400220.27, 1457400220.3
unit.000072, 1, sim, 1457398676.06, 1457398678.13, 1457398678.13, 1457398679.27, 1457398679.28, 1457398679.28, 1457398679.29,1457398679.69, 1457400241.71, 1457400241.86, 1457400241.86, 1457400243.13, 1457400243.15
unit.000073, 1, sim, 1457398676.07, 1457398677.8, 1457398677.8, 1457398678.71, 1457398678.72, 1457398678.73, 1457398678.74,1457398679.15, 1457400094.46, 1457400094.47, 1457400094.47, 1457400095.7, 1457400095.72
unit.000074, 1, sim, 1457398676.07, 1457398677.14, 1457398677.14, 1457398678.0, 1457398678.01, 1457398678.01, 1457398678.02,1457398678.1, 1457400091.39, 1457400091.39, 1457400091.39, 1457400093.25, 1457400093.28
unit.000075, 1, sim, 1457398676.07, 1457398677.83, 1457398677.83, 1457398678.74, 1457398678.74, 1457398678.75, 1457398678.75,1457398679.15, 1457400105.44, 1457400105.44, 1457400105.44, 1457400106.92, 1457400106.95
unit.000076, 1, sim, 1457398676.07, 1457398678.73, 1457398678.73, 1457398679.73, 1457398679.73, 1457398679.77, 1457398679.78,1457398680.29, 1457400272.87, 1457400272.88, 1457400272.88, 1457400274.38, 1457400274.41
unit.000077, 1, sim, 1457398676.07, 1457398678.91, 1457398678.91, 1457398680.18, 1457398680.2, 1457398680.23, 1457398680.23,1457398680.31, 1457400238.21, 1457400238.21, 1457400238.21, 1457400240.03, 1457400240.07
unit.000078, 1, sim, 1457398676.07, 1457398678.05, 1457398678.05, 1457398679.23, 1457398679.24, 1457398679.24, 1457398679.25,1457398679.34, 1457400098.12, 1457400098.12, 1457400098.12, 1457400099.23, 1457400099.26
unit.000079, 1, sim, 1457398676.07, 1457398678.08, 1457398678.08, 1457398679.25, 1457398679.25, 1457398679.26, 1457398679.26,1457398679.45, 1457400124.38, 1457400124.52, 1457400124.53, 1457400125.52, 1457400125.55
unit.000080, 1, sim, 1457398676.07, 1457398678.85, 1457398678.85, 1457398680.12, 1457398680.15, 1457398680.17, 1457398680.17,1457398680.3, 1457400263.66, 1457400263.66, 1457400263.66, 1457400265.01, 1457400265.04
unit.000081, 1, sim, 1457398676.07, 1457398677.25, 1457398677.25, 1457398678.06, 1457398678.06, 1457398678.07, 1457398678.08,1457398678.11, 1457400080.95, 1457400081.1, 1457400081.1, 1457400082.8, 1457400082.83
unit.000082, 1, sim, 1457398676.07, 1457398677.72, 1457398677.72, 1457398678.67, 1457398678.68, 1457398678.68, 1457398678.69,1457398679.14, 1457400092.99, 1457400093.0, 1457400093.0, 1457400093.42, 1457400093.44
unit.000083, 1, sim, 1457398676.07, 1457398678.35, 1457398678.35, 1457398679.4, 1457398679.41, 1457398679.41, 1457398679.42,1457398679.72, 1457400272.57, 1457400272.72, 1457400272.72, 1457400274.33, 1457400274.35
unit.000084, 1, sim, 1457398676.07, 1457398678.3, 1457398678.3, 1457398679.37, 1457398679.37, 1457398679.38, 1457398679.38,1457398679.71, 1457400263.26, 1457400263.26, 1457400263.26, 1457400263.93, 1457400263.95
unit.000085, 1, sim, 1457398676.08, 1457398677.69, 1457398677.69, 1457398678.65, 1457398678.66, 1457398678.67, 1457398678.67,1457398679.13, 1457400100.72, 1457400100.87, 1457400100.87, 1457400102.48, 1457400102.51
unit.000086, 1, sim, 1457398676.08, 1457398678.41, 1457398678.41, 1457398679.43, 1457398679.44, 1457398679.45, 1457398679.45,1457398679.72, 1457400094.3, 1457400094.45, 1457400094.45, 1457400095.92, 1457400095.95
unit.000087, 1, sim, 1457398676.08, 1457398678.97, 1457398678.97, 1457398680.24, 1457398680.25, 1457398680.25, 1457398680.25,1457398680.32, 1457400277.18, 1457400277.33, 1457400277.33, 1457400278.51, 1457400278.53
unit.000088, 1, sim, 1457398676.08, 1457398677.55, 1457398677.55, 1457398678.59, 1457398678.6, 1457398678.6, 1457398678.61,1457398679.12, 1457400205.04, 1457400205.18, 1457400205.19, 1457400206.82, 1457400206.85
unit.000089, 1, sim, 1457398676.08, 1457398677.5, 1457398677.5, 1457398678.56, 1457398678.57, 1457398678.58, 1457398678.58,1457398678.76, 1457400126.28, 1457400126.29, 1457400126.29, 1457400126.56, 1457400126.59
unit.000090, 1, sim, 1457398676.08, 1457398678.43, 1457398678.43, 1457398679.45, 1457398679.46, 1457398679.47, 1457398679.49,1457398679.73, 1457400237.1, 1457400237.11, 1457400237.11, 1457400238.94, 1457400238.97
unit.000091, 1, sim, 1457398676.08, 1457398678.75, 1457398678.75, 1457398679.76, 1457398679.78, 1457398680.09, 1457398680.09,1457398680.29, 1457400262.95, 1457400262.96, 1457400262.96, 1457400263.93, 1457400263.96
unit.000092, 1, sim, 1457398676.08, 1457398677.23, 1457398677.23, 1457398678.04, 1457398678.05, 1457398678.05, 1457398678.06,1457398678.11, 1457400248.63, 1457400248.77, 1457400248.77, 1457400250.44, 1457400250.48
unit.000093, 1, sim, 1457398676.08, 1457398678.24, 1457398678.24, 1457398679.33, 1457398679.34, 1457398679.35, 1457398679.35,1457398679.7, 1457400094.71, 1457400094.72, 1457400094.72, 1457400095.86, 1457400095.89
unit.000094, 1, sim, 1457398676.08, 1457398678.91, 1457398678.91, 1457398680.22, 1457398680.23, 1457398680.24, 1457398680.24,1457398680.31, 1457400094.45, 1457400094.46, 1457400094.46, 1457400095.98, 1457400096.0
unit.000095, 1, sim, 1457398676.08, 1457398677.66, 1457398677.66, 1457398678.64, 1457398678.65, 1457398678.66, 1457398678.66,1457398679.13, 1457400093.6, 1457400093.6, 1457400093.6, 1457400094.5, 1457400094.53
unit.000096, 1, sim, 1457398676.08, 1457398678.8, 1457398678.8, 1457398680.1, 1457398680.12, 1457398680.14, 1457398680.14,1457398680.3, 1457400219.37, 1457400219.37, 1457400219.38, 1457400220.33, 1457400220.35
unit.000097, 1, sim, 1457398676.09, 1457398677.35, 1457398677.35, 1457398678.07, 1457398678.08, 1457398678.08, 1457398678.09,1457398678.12, 1457400236.9, 1457400237.05, 1457400237.05, 1457400238.94, 1457400238.97
unit.000098, 1, sim, 1457398676.09, 1457398677.94, 1457398677.94, 1457398678.77, 1457398678.77, 1457398679.08, 1457398679.08,1457398679.16, 1457400101.73, 1457400101.88, 1457400101.88, 1457400103.65, 1457400103.68
unit.000099, 1, sim, 1457398676.09, 1457398677.74, 1457398677.74, 1457398678.69, 1457398678.69, 1457398678.7, 1457398678.7,1457398679.14, 1457400115.06, 1457400115.2, 1457400115.21, 1457400116.21, 1457400116.24
unit.000100, 1, sim, 1457398676.09, 1457398677.17, 1457398677.17, 1457398678.01, 1457398678.02, 1457398678.03, 1457398678.03,1457398678.1, 1457400097.66, 1457400097.67, 1457400097.67, 1457400099.17, 1457400099.2
unit.000101, 1, sim, 1457398676.09, 1457398678.55, 1457398678.55, 1457398679.57, 1457398679.59, 1457398679.6, 1457398679.61,1457398680.26, 1457400101.63, 1457400101.63, 1457400101.63, 1457400102.57, 1457400102.6
unit.000102, 1, sim, 1457398676.09, 1457398677.47, 1457398677.47, 1457398678.55, 1457398678.55, 1457398678.56, 1457398678.56,1457398678.68, 1457400229.39, 1457400229.53, 1457400229.54, 1457400230.66, 1457400230.68
unit.000103, 1, sim, 1457398676.09, 1457398678.21, 1457398678.21, 1457398679.31, 1457398679.32, 1457398679.32, 1457398679.34,1457398679.7, 1457400251.03, 1457400251.18, 1457400251.18, 1457400252.51, 1457400252.54
unit.000104, 1, sim, 1457398676.09, 1457398677.3, 1457398677.3, 1457398677.78, 1457398677.97, 1457398677.97, 1457398677.98,1457398677.98, 1457400089.08, 1457400089.08, 1457400089.09, 1457400090.06, 1457400090.09
unit.000105, 1, sim, 1457398676.09, 1457398678.38, 1457398678.38, 1457398679.42, 1457398679.42, 1457398679.43, 1457398679.44,1457398679.72, 1457400252.43, 1457400252.44, 1457400252.44, 1457400253.59, 1457400253.61
unit.000106, 1, sim, 1457398676.09, 1457398677.92, 1457398677.92, 1457398678.75, 1457398678.76, 1457398678.76, 1457398678.77,1457398679.15, 1457400102.53, 1457400102.53, 1457400102.54, 1457400103.61, 1457400103.64
unit.000107, 1, sim, 1457398676.09, 1457398677.41, 1457398677.41, 1457398678.52, 1457398678.53, 1457398678.53, 1457398678.54,1457398678.54, 1457400092.37, 1457400092.38, 1457400092.38, 1457400093.36, 1457400093.39
unit.000108, 1, sim, 1457398676.09, 1457398678.49, 1457398678.49, 1457398679.5, 1457398679.51, 1457398679.54, 1457398679.54,1457398680.2, 1457400261.25, 1457400261.4, 1457400261.4, 1457400262.85, 1457400262.88
unit.000109, 1, sim, 1457398676.1, 1457398678.0, 1457398678.0, 1457398679.1, 1457398679.11, 1457398679.11, 1457398679.11,1457398679.16, 1457400101.93, 1457400101.93, 1457400101.93, 1457400103.67, 1457400103.7
unit.000110, 1, sim, 1457398676.1, 1457398678.02, 1457398678.02, 1457398679.22, 1457398679.22, 1457398679.23, 1457398679.23,1457398679.24, 1457400088.68, 1457400088.82, 1457400088.83, 1457400090.11, 1457400090.14
unit.000111, 1, sim, 1457398676.1, 1457398677.97, 1457398677.97, 1457398679.09, 1457398679.09, 1457398679.1, 1457398679.1,1457398679.16, 1457400091.19, 1457400091.33, 1457400091.34, 1457400093.31, 1457400093.33
unit.000112, 1, sim, 1457398676.1, 1457398678.8, 1457398678.8, 1457398680.09, 1457398680.1, 1457398680.11, 1457398680.12,1457398680.3, 1457400101.87, 1457400101.88, 1457400101.89, 1457400103.72, 1457400103.75
unit.000113, 1, sim, 1457398676.1, 1457398678.86, 1457398678.86, 1457398680.16, 1457398680.17, 1457398680.18, 1457398680.2,1457398680.31, 1457400103.63, 1457400103.64, 1457400103.64, 1457400104.81, 1457400104.83
unit.000114, 1, sim, 1457398676.1, 1457398678.32, 1457398678.32, 1457398679.38, 1457398679.39, 1457398679.39, 1457398679.4,1457398679.71, 1457400214.26, 1457400214.4, 1457400214.41, 1457400216.13, 1457400216.16
unit.000115, 1, sim, 1457398676.1, 1457398677.52, 1457398677.52, 1457398678.58, 1457398678.59, 1457398678.59, 1457398678.6,1457398679.09, 1457400095.21, 1457400095.21, 1457400095.21, 1457400095.64, 1457400095.66
unit.000116, 1, sim, 1457398676.1, 1457398678.66, 1457398678.66, 1457398679.65, 1457398679.66, 1457398679.67, 1457398679.67,1457398680.28, 1457400270.47, 1457400270.62, 1457400270.62, 1457400272.27, 1457400272.29
unit.000117, 1, sim, 1457398676.1, 1457398678.19, 1457398678.19, 1457398679.3, 1457398679.31, 1457398679.31, 1457398679.32,1457398679.69, 1457400095.61, 1457400095.61, 1457400095.61, 1457400097.06, 1457400097.09
unit.000118, 1, sim, 1457398676.1, 1457398678.16, 1457398678.16, 1457398679.29, 1457398679.29, 1457398679.29, 1457398679.3,1457398679.69, 1457400094.7, 1457400094.71, 1457400094.71, 1457400095.81, 1457400095.83
unit.000119, 1, sim, 1457398676.1, 1457398677.38, 1457398677.38, 1457398678.08, 1457398678.09, 1457398678.09, 1457398678.1,1457398678.12, 1457400246.12, 1457400246.12, 1457400246.13, 1457400247.3, 1457400247.33
unit.000120, 1, sim, 1457398676.1, 1457398677.44, 1457398677.44, 1457398678.53, 1457398678.54, 1457398678.55, 1457398678.55,1457398678.57, 1457400130.29, 1457400130.44, 1457400130.44, 1457400131.75, 1457400131.78
unit.000121, 1, sim, 1457398676.11, 1457398677.61, 1457398677.61, 1457398678.62, 1457398678.63, 1457398678.63, 1457398678.64,1457398679.12, 1457400103.23, 1457400103.24, 1457400103.24, 1457400104.79, 1457400104.82
unit.000122, 1, sim, 1457398676.11, 1457398677.77, 1457398677.77, 1457398678.7, 1457398678.71, 1457398678.71, 1457398678.72,1457398679.14, 1457400100.87, 1457400100.88, 1457400100.88, 1457400102.53, 1457400102.56
unit.000123, 1, sim, 1457398676.11, 1457398678.11, 1457398678.11, 1457398679.26, 1457398679.27, 1457398679.27, 1457398679.28,1457398679.66, 1457400094.47, 1457400094.48, 1457400094.48, 1457400095.75, 1457400095.78
unit.000124, 1, sim, 1457398676.11, 1457398678.58, 1457398678.58, 1457398679.6, 1457398679.61, 1457398679.62, 1457398679.62,1457398680.26, 1457400245.92, 1457400246.06, 1457400246.07, 1457400247.3, 1457400247.33
unit.000125, 1, sim, 1457398676.11, 1457398677.58, 1457398677.58, 1457398678.61, 1457398678.61, 1457398678.62, 1457398678.62,1457398679.12, 1457400104.74, 1457400104.74, 1457400104.74, 1457400105.88, 1457400105.91
unit.000126, 1, sim, 1457398676.11, 1457398678.52, 1457398678.52, 1457398679.52, 1457398679.56, 1457398679.58, 1457398679.59,1457398680.26, 1457400265.46, 1457400265.61, 1457400265.61, 1457400267.07, 1457400267.1
unit.000127, 1, sim, 1457398676.11, 1457398678.63, 1457398678.63, 1457398679.63, 1457398679.64, 1457398679.65, 1457398679.65,1457398680.27, 1457400097.51, 1457400097.66, 1457400097.66, 1457400099.34, 1457400099.37
unit.000128, 1, ana, 1457400298.07, 1457400299.06, 1457400299.06, 1457400299.72, 1457400299.92, 1457400299.99, 1457400300.05,1457400300.12, 1457400330.13, 1457400330.34, 1457400330.4, 1457400332.0, 1457400332.12
unit.000129, 1, ana, 1457400334.05, 1457400334.22, 1457400334.22, 1457400334.67, 1457400334.84, 1457400334.88, 1457400334.91,1457400334.94, 1457400352.54, 1457400352.71, 1457400352.74, 1457400353.76, 1457400353.81
