uid, iter, step, Scheduling, StagingInput, Allocating, Executing, AgentStagingOutputPending, Done

unit.000000, 1, sim, 1446767084.03, 1446767085.26, 1446767118.16, 1446767118.33, 1446767118.94, 1446767199.02
unit.000001, 1, sim, 1446767084.03, 1446767085.27, 1446767119.96, 1446767120.19, 1446767120.76, 1446767205.29
unit.000002, 1, sim, 1446767084.03, 1446767085.14, 1446767093.49, 1446767093.69, 1446767094.28, 1446767114.34
unit.000003, 1, sim, 1446767084.03, 1446767085.25, 1446767117.52, 1446767117.72, 1446767118.34, 1446767196.87
unit.000004, 1, sim, 1446767084.04, 1446767085.15, 1446767096.53, 1446767096.74, 1446767097.4, 1446767124.99
unit.000005, 1, sim, 1446767084.04, 1446767085.17, 1446767099.79, 1446767099.99, 1446767100.62, 1446767136.29
unit.000006, 1, sim, 1446767084.04, 1446767085.18, 1446767103.27, 1446767103.47, 1446767104.14, 1446767148.15
unit.000007, 1, sim, 1446767084.04, 1446767085.28, 1446767122.8, 1446767123.01, 1446767123.67, 1446767215.16
unit.000008, 1, sim, 1446767084.04, 1446767085.29, 1446767123.41, 1446767123.62, 1446767124.28, 1446767217.36
unit.000009, 1, sim, 1446767084.04, 1446767085.3, 1446767126.05, 1446767126.31, 1446767126.9, 1446767226.52
unit.000010, 1, sim, 1446767084.05, 1446767085.18, 1446767103.47, 1446767103.67, 1446767104.24, 1446767148.86
unit.000011, 1, sim, 1446767084.05, 1446767085.19, 1446767104.29, 1446767104.49, 1446767105.15, 1446767151.68
unit.000012, 1, sim, 1446767084.05, 1446767085.19, 1446767104.9, 1446767105.1, 1446767105.75, 1446767153.85
unit.000013, 1, sim, 1446767084.05, 1446767085.19, 1446767105.51, 1446767105.71, 1446767106.36, 1446767155.91
unit.000014, 1, sim, 1446767084.05, 1446767085.2, 1446767106.12, 1446767106.32, 1446767106.96, 1446767158.03
unit.000015, 1, sim, 1446767084.05, 1446767085.19, 1446767104.49, 1446767104.7, 1446767105.35, 1446767152.39
unit.000016, 1, sim, 1446767084.05, 1446767085.2, 1446767107.34, 1446767107.54, 1446767108.17, 1446767162.29
unit.000017, 1, sim, 1446767084.06, 1446767085.23, 1446767112.84, 1446767113.11, 1446767113.71, 1446767180.46
unit.000018, 1, sim, 1446767084.06, 1446767085.21, 1446767108.56, 1446767108.76, 1446767109.37, 1446767166.47
unit.000019, 1, sim, 1446767084.06, 1446767085.21, 1446767109.17, 1446767109.37, 1446767110.06, 1446767168.54
unit.000020, 1, sim, 1446767084.06, 1446767085.3, 1446767126.31, 1446767126.46, 1446767127.1, 1446767227.38
unit.000021, 1, sim, 1446767084.06, 1446767085.22, 1446767110.59, 1446767110.79, 1446767111.7, 1446767173.44
unit.000022, 1, sim, 1446767084.06, 1446767085.14, 1446767092.68, 1446767092.88, 1446767093.48, 1446767111.49
unit.000023, 1, sim, 1446767084.07, 1446767085.23, 1446767112.64, 1446767112.84, 1446767113.41, 1446767179.79
unit.000024, 1, sim, 1446767084.07, 1446767085.23, 1446767113.45, 1446767113.66, 1446767114.32, 1446767182.59
unit.000025, 1, sim, 1446767084.07, 1446767085.24, 1446767114.12, 1446767114.27, 1446767114.92, 1446767184.84
unit.000026, 1, sim, 1446767084.07, 1446767085.24, 1446767114.88, 1446767115.13, 1446767115.72, 1446767187.75
unit.000027, 1, sim, 1446767084.07, 1446767085.25, 1446767115.89, 1446767116.14, 1446767116.73, 1446767191.24
unit.000028, 1, sim, 1446767084.07, 1446767085.25, 1446767116.5, 1446767116.7, 1446767117.33, 1446767193.36
unit.000029, 1, sim, 1446767084.08, 1446767085.25, 1446767117.15, 1446767117.31, 1446767117.94, 1446767195.47
unit.000030, 1, sim, 1446767084.08, 1446767085.26, 1446767117.72, 1446767117.92, 1446767118.54, 1446767197.61
unit.000031, 1, sim, 1446767084.08, 1446767085.26, 1446767118.33, 1446767118.53, 1446767119.18, 1446767199.69
unit.000032, 1, sim, 1446767084.08, 1446767085.26, 1446767118.94, 1446767119.17, 1446767119.75, 1446767201.83
unit.000033, 1, sim, 1446767084.08, 1446767085.26, 1446767119.55, 1446767119.75, 1446767120.36, 1446767203.89
unit.000034, 1, sim, 1446767084.08, 1446767085.27, 1446767120.37, 1446767120.57, 1446767121.19, 1446767206.7
unit.000035, 1, sim, 1446767084.09, 1446767085.27, 1446767121.2, 1446767121.38, 1446767121.97, 1446767209.55
unit.000036, 1, sim, 1446767084.09, 1446767085.28, 1446767121.79, 1446767121.99, 1446767122.57, 1446767211.76
unit.000037, 1, sim, 1446767084.09, 1446767085.29, 1446767124.02, 1446767124.22, 1446767124.88, 1446767219.4
unit.000038, 1, sim, 1446767084.09, 1446767085.13, 1446767091.05, 1446767091.25, 1446767091.87, 1446767105.88
unit.000039, 1, sim, 1446767084.09, 1446767085.19, 1446767103.88, 1446767104.08, 1446767104.75, 1446767150.28
unit.000040, 1, sim, 1446767084.09, 1446767085.3, 1446767125.24, 1446767125.44, 1446767126.09, 1446767223.7
unit.000041, 1, sim, 1446767084.1, 1446767085.2, 1446767106.93, 1446767107.13, 1446767107.76, 1446767160.86
unit.000042, 1, sim, 1446767084.1, 1446767085.12, 1446767089.83, 1446767090.03, 1446767090.65, 1446767101.58
unit.000043, 1, sim, 1446767084.1, 1446767085.19, 1446767104.7, 1446767104.9, 1446767105.55, 1446767153.1
unit.000044, 1, sim, 1446767084.1, 1446767085.19, 1446767105.31, 1446767105.51, 1446767106.15, 1446767155.24
unit.000045, 1, sim, 1446767084.1, 1446767085.2, 1446767105.92, 1446767106.12, 1446767106.76, 1446767157.3
unit.000046, 1, sim, 1446767084.1, 1446767085.2, 1446767106.53, 1446767106.73, 1446767107.36, 1446767159.43
unit.000047, 1, sim, 1446767084.11, 1446767085.2, 1446767107.13, 1446767107.34, 1446767107.97, 1446767161.52
unit.000048, 1, sim, 1446767084.11, 1446767085.2, 1446767107.74, 1446767107.95, 1446767108.57, 1446767163.69
unit.000049, 1, sim, 1446767084.11, 1446767085.21, 1446767108.35, 1446767108.56, 1446767109.17, 1446767165.75
unit.000050, 1, sim, 1446767084.11, 1446767085.21, 1446767108.96, 1446767109.17, 1446767109.78, 1446767167.85
unit.000051, 1, sim, 1446767084.12, 1446767085.22, 1446767109.57, 1446767109.78, 1446767110.39, 1446767169.93
unit.000052, 1, sim, 1446767084.12, 1446767085.22, 1446767110.39, 1446767110.59, 1446767111.2, 1446767172.73
unit.000053, 1, sim, 1446767084.12, 1446767085.22, 1446767110.99, 1446767111.2, 1446767112.2, 1446767174.85
unit.000054, 1, sim, 1446767084.12, 1446767085.23, 1446767112.43, 1446767112.64, 1446767113.31, 1446767179.05
unit.000055, 1, sim, 1446767084.12, 1446767085.23, 1446767113.11, 1446767113.25, 1446767113.91, 1446767181.18
unit.000056, 1, sim, 1446767084.12, 1446767085.24, 1446767113.86, 1446767114.12, 1446767114.72, 1446767184.01
unit.000057, 1, sim, 1446767084.12, 1446767085.24, 1446767114.47, 1446767114.67, 1446767115.32, 1446767186.29
unit.000058, 1, sim, 1446767084.13, 1446767085.24, 1446767115.49, 1446767115.69, 1446767116.33, 1446767189.84
unit.000059, 1, sim, 1446767084.13, 1446767085.25, 1446767116.3, 1446767116.5, 1446767117.15, 1446767192.64
unit.000060, 1, sim, 1446767084.13, 1446767085.25, 1446767116.91, 1446767117.15, 1446767117.74, 1446767194.77
unit.000061, 1, sim, 1446767084.13, 1446767085.27, 1446767120.57, 1446767120.77, 1446767121.36, 1446767207.52
unit.000062, 1, sim, 1446767084.13, 1446767085.3, 1446767125.44, 1446767125.64, 1446767126.31, 1446767224.56
unit.000063, 1, sim, 1446767084.13, 1446767085.26, 1446767118.74, 1446767118.94, 1446767119.55, 1446767201.08
unit.000064, 1, sim, 1446767084.14, 1446767085.26, 1446767119.35, 1446767119.55, 1446767120.19, 1446767203.24
unit.000065, 1, sim, 1446767084.14, 1446767085.15, 1446767095.11, 1446767095.31, 1446767095.89, 1446767119.95
unit.000066, 1, sim, 1446767084.14, 1446767085.12, 1446767088.27, 1446767089.04, 1446767089.64, 1446767097.04
unit.000067, 1, sim, 1446767084.14, 1446767085.27, 1446767121.58, 1446767121.79, 1446767122.37, 1446767210.95
unit.000068, 1, sim, 1446767084.14, 1446767085.28, 1446767122.21, 1446767122.4, 1446767122.97, 1446767213.16
unit.000069, 1, sim, 1446767084.14, 1446767085.28, 1446767123.22, 1446767123.41, 1446767124.08, 1446767216.56
unit.000070, 1, sim, 1446767084.15, 1446767085.23, 1446767113.66, 1446767113.86, 1446767114.52, 1446767183.31
unit.000071, 1, sim, 1446767084.15, 1446767085.27, 1446767119.75, 1446767119.96, 1446767120.56, 1446767204.64
unit.000072, 1, sim, 1446767084.15, 1446767085.29, 1446767124.83, 1446767125.03, 1446767125.69, 1446767222.26
unit.000073, 1, sim, 1446767084.15, 1446767085.22, 1446767111.4, 1446767111.93, 1446767112.6, 1446767176.25
unit.000074, 1, sim, 1446767084.15, 1446767085.13, 1446767091.45, 1446767091.66, 1446767092.27, 1446767107.28
unit.000075, 1, sim, 1446767084.15, 1446767085.14, 1446767094.5, 1446767094.71, 1446767095.29, 1446767118.02
unit.000076, 1, sim, 1446767084.15, 1446767085.16, 1446767097.75, 1446767097.98, 1446767098.61, 1446767129.28
unit.000077, 1, sim, 1446767084.16, 1446767085.17, 1446767101.21, 1446767101.41, 1446767102.03, 1446767141.14
unit.000078, 1, sim, 1446767084.16, 1446767085.2, 1446767106.73, 1446767106.93, 1446767107.56, 1446767160.1
unit.000079, 1, sim, 1446767084.16, 1446767085.21, 1446767108.15, 1446767108.35, 1446767108.97, 1446767165.08
unit.000080, 1, sim, 1446767084.16, 1446767085.21, 1446767107.95, 1446767108.15, 1446767108.77, 1446767164.37
unit.000081, 1, sim, 1446767084.16, 1446767085.25, 1446767117.31, 1446767117.52, 1446767118.16, 1446767196.2
unit.000082, 1, sim, 1446767084.16, 1446767085.27, 1446767121.38, 1446767121.59, 1446767122.21, 1446767210.37
unit.000083, 1, sim, 1446767084.17, 1446767085.22, 1446767110.06, 1446767110.18, 1446767110.8, 1446767171.32
unit.000084, 1, sim, 1446767084.17, 1446767085.12, 1446767089.42, 1446767089.62, 1446767090.25, 1446767100.11
unit.000085, 1, sim, 1446767084.17, 1446767085.23, 1446767111.77, 1446767112.1, 1446767112.71, 1446767176.98
unit.000086, 1, sim, 1446767084.17, 1446767085.15, 1446767095.52, 1446767095.72, 1446767096.29, 1446767121.34
unit.000087, 1, sim, 1446767084.17, 1446767085.16, 1446767098.77, 1446767098.99, 1446767099.61, 1446767132.76
unit.000088, 1, sim, 1446767084.17, 1446767085.18, 1446767102.43, 1446767102.63, 1446767103.44, 1446767145.34
unit.000089, 1, sim, 1446767084.18, 1446767085.19, 1446767105.71, 1446767105.91, 1446767106.56, 1446767156.64
unit.000090, 1, sim, 1446767084.18, 1446767085.21, 1446767109.37, 1446767109.57, 1446767110.19, 1446767169.24
unit.000091, 1, sim, 1446767084.18, 1446767085.24, 1446767114.27, 1446767114.47, 1446767115.13, 1446767185.51
unit.000092, 1, sim, 1446767084.18, 1446767085.26, 1446767118.53, 1446767118.74, 1446767119.35, 1446767200.42
unit.000093, 1, sim, 1446767084.18, 1446767085.28, 1446767123.01, 1446767123.22, 1446767123.88, 1446767215.96
unit.000094, 1, sim, 1446767084.18, 1446767085.12, 1446767086.84, 1446767087.04, 1446767088.95, 1446767094.13
unit.000095, 1, sim, 1446767084.19, 1446767085.13, 1446767090.24, 1446767090.44, 1446767091.06, 1446767103.07
unit.000096, 1, sim, 1446767084.19, 1446767085.18, 1446767103.03, 1446767103.29, 1446767104.01, 1446767147.47
unit.000097, 1, sim, 1446767084.19, 1446767085.29, 1446767124.23, 1446767124.43, 1446767125.08, 1446767220.2
unit.000098, 1, sim, 1446767084.19, 1446767085.17, 1446767100.8, 1446767101.0, 1446767101.62, 1446767139.74
unit.000099, 1, sim, 1446767084.19, 1446767085.27, 1446767120.97, 1446767121.2, 1446767121.76, 1446767208.97
unit.000100, 1, sim, 1446767084.2, 1446767085.16, 1446767098.57, 1446767098.77, 1446767099.41, 1446767132.07
unit.000101, 1, sim, 1446767084.2, 1446767085.24, 1446767115.69, 1446767115.89, 1446767116.53, 1446767190.56
unit.000102, 1, sim, 1446767084.2, 1446767085.3, 1446767125.64, 1446767125.85, 1446767126.49, 1446767225.11
unit.000103, 1, sim, 1446767084.2, 1446767085.28, 1446767122.6, 1446767122.8, 1446767123.47, 1446767214.57
unit.000104, 1, sim, 1446767084.2, 1446767085.29, 1446767124.63, 1446767124.83, 1446767125.49, 1446767221.63
unit.000105, 1, sim, 1446767084.21, 1446767085.14, 1446767093.29, 1446767093.49, 1446767094.08, 1446767113.81
unit.000106, 1, sim, 1446767084.21, 1446767085.14, 1446767092.88, 1446767093.08, 1446767093.68, 1446767112.41
unit.000107, 1, sim, 1446767084.21, 1446767085.15, 1446767096.13, 1446767096.33, 1446767096.9, 1446767123.59
unit.000108, 1, sim, 1446767084.21, 1446767085.17, 1446767099.38, 1446767099.58, 1446767100.22, 1446767134.89
unit.000109, 1, sim, 1446767084.21, 1446767085.18, 1446767102.83, 1446767103.18, 1446767103.84, 1446767146.74
unit.000110, 1, sim, 1446767084.22, 1446767085.2, 1446767106.32, 1446767106.52, 1446767107.16, 1446767158.7
unit.000111, 1, sim, 1446767084.22, 1446767085.22, 1446767110.18, 1446767110.39, 1446767111.08, 1446767172.02
unit.000112, 1, sim, 1446767084.22, 1446767085.24, 1446767115.13, 1446767115.28, 1446767115.93, 1446767188.43
unit.000113, 1, sim, 1446767084.22, 1446767085.26, 1446767119.17, 1446767119.35, 1446767119.95, 1446767202.49
unit.000114, 1, sim, 1446767084.22, 1446767085.29, 1446767123.82, 1446767124.02, 1446767124.68, 1446767218.79
unit.000115, 1, sim, 1446767084.23, 1446767085.12, 1446767087.24, 1446767088.43, 1446767089.44, 1446767095.58
unit.000116, 1, sim, 1446767084.23, 1446767085.13, 1446767090.85, 1446767091.05, 1446767091.66, 1446767105.33
unit.000117, 1, sim, 1446767084.23, 1446767085.14, 1446767093.97, 1446767094.1, 1446767094.68, 1446767115.76
unit.000118, 1, sim, 1446767084.23, 1446767085.15, 1446767096.98, 1446767097.14, 1446767097.8, 1446767126.39
unit.000119, 1, sim, 1446767084.23, 1446767085.17, 1446767100.39, 1446767100.59, 1446767101.22, 1446767138.34
unit.000120, 1, sim, 1446767084.23, 1446767085.19, 1446767103.67, 1446767103.88, 1446767104.54, 1446767149.58
unit.000121, 1, sim, 1446767084.24, 1446767085.2, 1446767107.54, 1446767107.74, 1446767108.37, 1446767162.98
unit.000122, 1, sim, 1446767084.24, 1446767085.23, 1446767112.1, 1446767112.23, 1446767112.81, 1446767177.65
unit.000123, 1, sim, 1446767084.24, 1446767085.25, 1446767116.7, 1446767116.91, 1446767117.53, 1446767194.05
unit.000124, 1, sim, 1446767084.24, 1446767085.13, 1446767090.44, 1446767090.65, 1446767091.26, 1446767103.92
unit.000125, 1, sim, 1446767084.24, 1446767085.14, 1446767094.71, 1446767094.97, 1446767095.49, 1446767118.56
unit.000126, 1, sim, 1446767084.25, 1446767085.12, 1446767089.22, 1446767089.42, 1446767090.05, 1446767099.42
unit.000127, 1, sim, 1446767084.25, 1446767085.13, 1446767091.86, 1446767092.07, 1446767092.67, 1446767108.69
unit.000128, 1, sim, 1446767084.25, 1446767085.11, 1446767086.23, 1446767086.44, 1446767087.13, 1446767092.38
unit.000129, 1, sim, 1446767084.25, 1446767085.27, 1446767120.77, 1446767120.98, 1446767121.56, 1446767208.16
unit.000130, 1, sim, 1446767084.25, 1446767085.18, 1446767101.61, 1446767101.81, 1446767102.43, 1446767142.54
unit.000131, 1, sim, 1446767084.25, 1446767085.19, 1446767105.1, 1446767105.31, 1446767105.95, 1446767154.51
unit.000132, 1, sim, 1446767084.25, 1446767085.21, 1446767108.76, 1446767108.96, 1446767109.58, 1446767167.14
unit.000133, 1, sim, 1446767084.26, 1446767085.16, 1446767097.99, 1446767098.16, 1446767098.81, 1446767129.9
unit.000134, 1, sim, 1446767084.26, 1446767085.26, 1446767117.92, 1446767118.16, 1446767118.74, 1446767198.28
unit.000135, 1, sim, 1446767084.26, 1446767085.29, 1446767125.04, 1446767125.24, 1446767125.89, 1446767223.12
unit.000136, 1, sim, 1446767084.26, 1446767085.28, 1446767121.99, 1446767122.21, 1446767122.77, 1446767212.35
unit.000137, 1, sim, 1446767084.26, 1446767085.29, 1446767124.43, 1446767124.63, 1446767125.29, 1446767220.82
unit.000138, 1, sim, 1446767084.26, 1446767085.27, 1446767120.19, 1446767120.37, 1446767120.96, 1446767206.07
unit.000139, 1, sim, 1446767084.27, 1446767085.22, 1446767109.78, 1446767109.98, 1446767110.59, 1446767170.63
unit.000140, 1, sim, 1446767084.27, 1446767085.13, 1446767090.65, 1446767090.85, 1446767091.46, 1446767104.47
unit.000141, 1, sim, 1446767084.27, 1446767085.15, 1446767095.32, 1446767095.52, 1446767096.09, 1446767120.8
unit.000142, 1, sim, 1446767084.27, 1446767085.12, 1446767089.02, 1446767089.26, 1446767089.84, 1446767098.63
unit.000143, 1, sim, 1446767084.27, 1446767085.12, 1446767087.04, 1446767087.24, 1446767089.14, 1446767095.0
unit.000144, 1, sim, 1446767084.27, 1446767085.11, 1446767086.43, 1446767086.64, 1446767087.23, 1446767092.08
unit.000145, 1, sim, 1446767084.28, 1446767085.18, 1446767102.63, 1446767102.83, 1446767103.74, 1446767146.08
unit.000146, 1, sim, 1446767084.28, 1446767085.29, 1446767123.61, 1446767123.82, 1446767124.48, 1446767217.98
unit.000147, 1, sim, 1446767084.28, 1446767085.17, 1446767100.19, 1446767100.39, 1446767101.02, 1446767137.69
unit.000148, 1, sim, 1446767084.28, 1446767085.22, 1446767111.2, 1446767111.4, 1446767112.4, 1446767175.57
unit.000149, 1, sim, 1446767084.28, 1446767085.16, 1446767098.16, 1446767098.36, 1446767099.01, 1446767130.68
unit.000150, 1, sim, 1446767084.28, 1446767085.16, 1446767099.18, 1446767099.38, 1446767100.01, 1446767134.15
unit.000151, 1, sim, 1446767084.28, 1446767085.23, 1446767113.25, 1446767113.45, 1446767114.12, 1446767181.87
unit.000152, 1, sim, 1446767084.29, 1446767085.24, 1446767115.28, 1446767115.48, 1446767116.14, 1446767189.14
unit.000153, 1, sim, 1446767084.29, 1446767085.14, 1446767094.1, 1446767094.3, 1446767094.88, 1446767116.63
unit.000154, 1, sim, 1446767084.29, 1446767085.23, 1446767112.23, 1446767112.43, 1446767113.01, 1446767178.38
unit.000155, 1, sim, 1446767084.29, 1446767085.13, 1446767092.06, 1446767092.27, 1446767092.87, 1446767109.55
unit.000156, 1, sim, 1446767084.29, 1446767085.18, 1446767102.22, 1446767102.42, 1446767103.34, 1446767144.68
unit.000157, 1, sim, 1446767084.29, 1446767085.13, 1446767090.04, 1446767090.24, 1446767090.85, 1446767102.41
unit.000158, 1, sim, 1446767084.3, 1446767085.13, 1446767091.25, 1446767091.46, 1446767092.07, 1446767106.73
unit.000159, 1, sim, 1446767084.3, 1446767085.12, 1446767087.77, 1446767088.95, 1446767089.54, 1446767096.46
unit.000160, 1, sim, 1446767084.3, 1446767085.19, 1446767104.08, 1446767104.29, 1446767105.01, 1446767150.98
unit.000161, 1, sim, 1446767084.3, 1446767085.3, 1446767125.85, 1446767126.05, 1446767126.69, 1446767225.97
unit.000162, 1, sim, 1446767084.3, 1446767085.18, 1446767102.02, 1446767102.22, 1446767102.84, 1446767143.93
unit.000163, 1, sim, 1446767084.3, 1446767085.28, 1446767122.4, 1446767122.6, 1446767123.22, 1446767213.75
unit.000164, 1, sim, 1446767084.31, 1446767085.22, 1446767110.79, 1446767111.07, 1446767112.1, 1446767174.14
unit.000165, 1, sim, 1446767084.31, 1446767085.25, 1446767116.14, 1446767116.3, 1446767116.93, 1446767191.96
unit.000166, 1, sim, 1446767084.31, 1446767085.16, 1446767097.55, 1446767097.75, 1446767098.4, 1446767128.44
unit.000167, 1, sim, 1446767084.31, 1446767085.17, 1446767101.0, 1446767101.2, 1446767101.83, 1446767140.49
unit.000168, 1, sim, 1446767084.31, 1446767085.12, 1446767086.64, 1446767086.84, 1446767088.44, 1446767093.55
unit.000169, 1, sim, 1446767084.31, 1446767085.15, 1446767095.98, 1446767096.13, 1446767096.79, 1446767122.74
unit.000170, 1, sim, 1446767084.32, 1446767085.24, 1446767114.67, 1446767114.88, 1446767115.52, 1446767186.97
unit.000171, 1, sim, 1446767084.32, 1446767085.12, 1446767088.52, 1446767089.15, 1446767089.74, 1446767097.94
unit.000172, 1, sim, 1446767084.32, 1446767085.13, 1446767091.66, 1446767091.86, 1446767092.47, 1446767108.14
unit.000173, 1, sim, 1446767084.32, 1446767085.13, 1446767092.27, 1446767092.47, 1446767093.07, 1446767110.09
unit.000174, 1, sim, 1446767084.32, 1446767085.14, 1446767092.47, 1446767092.67, 1446767093.27, 1446767110.94
unit.000175, 1, sim, 1446767084.32, 1446767085.14, 1446767093.08, 1446767093.29, 1446767093.88, 1446767112.93
unit.000176, 1, sim, 1446767084.32, 1446767085.14, 1446767093.69, 1446767093.97, 1446767094.48, 1446767115.23
unit.000177, 1, sim, 1446767084.33, 1446767085.14, 1446767094.3, 1446767094.5, 1446767095.09, 1446767117.15
unit.000178, 1, sim, 1446767084.33, 1446767085.15, 1446767094.97, 1446767095.11, 1446767095.69, 1446767119.41
unit.000179, 1, sim, 1446767084.33, 1446767085.15, 1446767097.14, 1446767097.35, 1446767098.0, 1446767126.96
unit.000180, 1, sim, 1446767084.33, 1446767085.15, 1446767095.72, 1446767095.98, 1446767096.59, 1446767122.19
unit.000181, 1, sim, 1446767084.33, 1446767085.15, 1446767096.33, 1446767096.53, 1446767097.2, 1446767124.18
unit.000182, 1, sim, 1446767084.33, 1446767085.15, 1446767096.73, 1446767096.98, 1446767097.6, 1446767125.57
unit.000183, 1, sim, 1446767084.34, 1446767085.16, 1446767097.35, 1446767097.55, 1446767098.2, 1446767127.84
unit.000184, 1, sim, 1446767084.34, 1446767085.12, 1446767089.63, 1446767089.83, 1446767090.45, 1446767100.99
unit.000185, 1, sim, 1446767084.34, 1446767085.16, 1446767098.36, 1446767098.56, 1446767099.21, 1446767131.28
unit.000186, 1, sim, 1446767084.34, 1446767085.16, 1446767098.99, 1446767099.18, 1446767099.81, 1446767133.5
unit.000187, 1, sim, 1446767084.34, 1446767085.17, 1446767099.58, 1446767099.78, 1446767100.42, 1446767135.54
unit.000188, 1, sim, 1446767084.34, 1446767085.17, 1446767099.99, 1446767100.19, 1446767100.82, 1446767136.93
unit.000189, 1, sim, 1446767084.35, 1446767085.17, 1446767100.6, 1446767100.8, 1446767101.42, 1446767139.09
unit.000190, 1, sim, 1446767084.35, 1446767085.17, 1446767101.41, 1446767101.61, 1446767102.23, 1446767141.89
unit.000191, 1, sim, 1446767084.35, 1446767085.18, 1446767101.82, 1446767102.02, 1446767102.63, 1446767143.29
unit.000192, 1, ana, 1446767231.24, 1446767232.74, 1446767235.49, 1446767235.69, 1446767237.62, 1446767242.25
unit.000193, 1, ana, 1446767231.24, 1446767232.74, 1446767235.69, 1446767235.89, 1446767237.72, 1446767243.44
unit.000194, 1, ana, 1446767231.24, 1446767234.91, 1446767236.45, 1446767236.66, 1446767238.52, 1446767243.39
unit.000195, 1, ana, 1446767231.24, 1446767234.98, 1446767236.65, 1446767236.86, 1446767238.62, 1446767244.48
unit.000196, 1, ana, 1446767231.24, 1446767235.86, 1446767237.55, 1446767237.76, 1446767239.63, 1446767244.54
unit.000197, 1, ana, 1446767231.25, 1446767235.92, 1446767237.76, 1446767237.96, 1446767239.83, 1446767245.59
unit.000198, 1, ana, 1446767231.25, 1446767236.95, 1446767238.48, 1446767238.68, 1446767240.53, 1446767245.64
unit.000199, 1, ana, 1446767231.25, 1446767236.96, 1446767238.69, 1446767238.89, 1446767240.63, 1446767246.7
unit.000200, 1, ana, 1446767231.25, 1446767237.96, 1446767240.61, 1446767240.81, 1446767242.74, 1446767246.8
unit.000201, 1, ana, 1446767231.26, 1446767237.97, 1446767240.82, 1446767241.02, 1446767242.94, 1446767247.81
unit.000202, 1, ana, 1446767231.26, 1446767240.01, 1446767241.54, 1446767241.75, 1446767243.64, 1446767247.88
unit.000203, 1, ana, 1446767231.26, 1446767240.01, 1446767241.74, 1446767241.95, 1446767243.74, 1446767248.92
unit.000204, 1, ana, 1446767231.26, 1446767240.97, 1446767242.47, 1446767242.68, 1446767244.65, 1446767248.97
unit.000205, 1, ana, 1446767231.26, 1446767240.99, 1446767242.67, 1446767242.88, 1446767244.75, 1446767250.01
unit.000206, 1, ana, 1446767231.27, 1446767241.92, 1446767243.41, 1446767243.61, 1446767245.45, 1446767250.06
unit.000207, 1, ana, 1446767231.27, 1446767241.98, 1446767243.61, 1446767243.81, 1446767245.65, 1446767251.12
unit.000208, 1, ana, 1446767231.27, 1446767242.82, 1446767244.33, 1446767244.54, 1446767246.45, 1446767251.19
unit.000209, 1, ana, 1446767231.27, 1446767242.89, 1446767244.65, 1446767244.85, 1446767246.75, 1446767252.21
unit.000210, 1, ana, 1446767231.28, 1446767243.83, 1446767245.31, 1446767245.51, 1446767247.36, 1446767252.29
unit.000211, 1, ana, 1446767231.28, 1446767243.98, 1446767245.51, 1446767245.71, 1446767247.56, 1446767253.3
unit.000212, 1, ana, 1446767231.28, 1446767244.76, 1446767246.23, 1446767246.44, 1446767248.26, 1446767253.39
unit.000213, 1, ana, 1446767231.28, 1446767244.85, 1446767246.55, 1446767246.75, 1446767248.7, 1446767254.45
unit.000214, 1, ana, 1446767231.28, 1446767245.69, 1446767247.21, 1446767247.41, 1446767249.26, 1446767254.53
unit.000215, 1, ana, 1446767231.28, 1446767245.9, 1446767247.52, 1446767247.72, 1446767249.57, 1446767255.54
unit.000216, 1, ana, 1446767231.28, 1446767246.64, 1446767248.01, 1446767248.21, 1446767250.07, 1446767255.61
unit.000217, 1, ana, 1446767231.29, 1446767246.85, 1446767248.33, 1446767248.53, 1446767250.37, 1446767256.63
unit.000218, 1, ana, 1446767231.29, 1446767247.52, 1446767248.99, 1446767249.19, 1446767251.07, 1446767256.7
unit.000219, 1, ana, 1446767231.29, 1446767247.74, 1446767249.3, 1446767249.5, 1446767251.37, 1446767257.73
unit.000220, 1, ana, 1446767231.29, 1446767248.39, 1446767249.78, 1446767249.99, 1446767251.89, 1446767257.8
unit.000221, 1, ana, 1446767231.29, 1446767248.62, 1446767250.1, 1446767250.3, 1446767252.18, 1446767258.86
unit.000222, 1, ana, 1446767231.3, 1446767249.25, 1446767250.81, 1446767250.96, 1446767252.78, 1446767258.97
unit.000223, 1, ana, 1446767231.3, 1446767249.49, 1446767251.07, 1446767251.27, 1446767253.18, 1446767260.05
unit.000224, 1, ana, 1446767231.3, 1446767250.13, 1446767251.73, 1446767251.93, 1446767253.78, 1446767260.07
unit.000225, 1, ana, 1446767231.3, 1446767250.39, 1446767251.93, 1446767252.13, 1446767253.98, 1446767261.16
unit.000226, 1, ana, 1446767231.3, 1446767251.09, 1446767252.49, 1446767252.69, 1446767254.59, 1446767261.15
unit.000227, 1, ana, 1446767231.3, 1446767251.27, 1446767252.8, 1446767253.0, 1446767254.96, 1446767262.34
unit.000228, 1, ana, 1446767231.31, 1446767251.97, 1446767253.46, 1446767253.66, 1446767255.59, 1446767262.34
unit.000229, 1, ana, 1446767231.31, 1446767252.15, 1446767253.66, 1446767253.86, 1446767255.79, 1446767263.44
unit.000230, 1, ana, 1446767231.31, 1446767252.84, 1446767254.22, 1446767254.42, 1446767256.29, 1446767263.43
unit.000231, 1, ana, 1446767231.31, 1446767253.04, 1446767254.53, 1446767254.73, 1446767256.6, 1446767264.52
unit.000232, 1, ana, 1446767231.31, 1446767253.72, 1446767255.19, 1446767255.39, 1446767257.3, 1446767264.52
unit.000233, 1, ana, 1446767231.31, 1446767253.93, 1446767255.5, 1446767255.71, 1446767257.6, 1446767265.62
unit.000234, 1, ana, 1446767231.31, 1446767254.69, 1446767256.16, 1446767256.36, 1446767258.2, 1446767265.62
unit.000235, 1, ana, 1446767231.32, 1446767254.82, 1446767256.36, 1446767256.57, 1446767258.4, 1446767266.71
unit.000236, 1, ana, 1446767231.32, 1446767255.57, 1446767257.04, 1446767257.19, 1446767259.01, 1446767266.71
unit.000237, 1, ana, 1446767231.32, 1446767255.7, 1446767257.31, 1446767257.51, 1446767259.67, 1446767267.8
unit.000238, 1, ana, 1446767231.32, 1446767256.45, 1446767257.97, 1446767258.17, 1446767260.07, 1446767267.81
unit.000239, 1, ana, 1446767231.32, 1446767256.58, 1446767258.17, 1446767258.37, 1446767260.27, 1446767268.89
unit.000240, 1, ana, 1446767231.32, 1446767257.31, 1446767258.72, 1446767258.93, 1446767260.87, 1446767268.9
unit.000241, 1, ana, 1446767231.33, 1446767257.45, 1446767259.04, 1446767259.24, 1446767261.38, 1446767269.98
unit.000242, 1, ana, 1446767231.33, 1446767258.18, 1446767259.7, 1446767259.9, 1446767261.78, 1446767269.99
unit.000243, 1, ana, 1446767231.33, 1446767258.32, 1446767260.01, 1446767260.21, 1446767262.08, 1446767271.07
unit.000244, 1, ana, 1446767231.33, 1446767259.19, 1446767260.84, 1446767261.04, 1446767262.88, 1446767271.08
unit.000245, 1, ana, 1446767231.33, 1446767259.45, 1446767261.15, 1446767261.36, 1446767263.24, 1446767272.18
unit.000246, 1, ana, 1446767231.33, 1446767260.21, 1446767261.64, 1446767261.85, 1446767263.78, 1446767272.18
unit.000247, 1, ana, 1446767231.33, 1446767260.44, 1446767261.96, 1446767262.16, 1446767264.09, 1446767273.27
unit.000248, 1, ana, 1446767231.34, 1446767261.09, 1446767262.62, 1446767262.82, 1446767264.69, 1446767273.28
unit.000249, 1, ana, 1446767231.34, 1446767261.32, 1446767262.82, 1446767263.02, 1446767264.79, 1446767274.42
unit.000250, 1, ana, 1446767231.34, 1446767261.97, 1446767263.37, 1446767263.57, 1446767265.49, 1446767274.43
unit.000251, 1, ana, 1446767231.34, 1446767262.19, 1446767263.69, 1446767263.89, 1446767265.79, 1446767275.52
unit.000252, 1, ana, 1446767231.34, 1446767262.83, 1446767264.34, 1446767264.54, 1446767266.5, 1446767275.54
unit.000253, 1, ana, 1446767231.34, 1446767263.06, 1446767264.66, 1446767264.86, 1446767266.7, 1446767276.6
unit.000254, 1, ana, 1446767231.35, 1446767263.72, 1446767265.14, 1446767265.34, 1446767267.2, 1446767276.63
unit.000255, 1, ana, 1446767231.35, 1446767263.93, 1446767265.45, 1446767265.66, 1446767267.9, 1446767277.75
unit.000256, 1, ana, 1446767231.35, 1446767264.6, 1446767266.11, 1446767266.39, 1446767268.2, 1446767277.74
unit.000257, 1, ana, 1446767231.35, 1446767264.81, 1446767266.31, 1446767266.51, 1446767268.51, 1446767278.85
unit.000258, 1, ana, 1446767231.35, 1446767265.47, 1446767266.95, 1446767267.15, 1446767269.01, 1446767278.85
unit.000259, 1, ana, 1446767231.35, 1446767265.7, 1446767267.26, 1446767267.46, 1446767269.31, 1446767279.95
unit.000260, 1, ana, 1446767231.36, 1446767266.46, 1446767267.92, 1446767268.12, 1446767270.01, 1446767279.95
unit.000261, 1, ana, 1446767231.36, 1446767266.7, 1446767268.23, 1446767268.48, 1446767270.41, 1446767281.05
unit.000262, 1, ana, 1446767231.36, 1446767267.35, 1446767268.72, 1446767268.93, 1446767270.82, 1446767281.04
unit.000263, 1, ana, 1446767231.36, 1446767267.58, 1446767269.04, 1446767269.24, 1446767271.12, 1446767282.14
unit.000264, 1, ana, 1446767231.36, 1446767268.23, 1446767269.7, 1446767269.9, 1446767271.72, 1446767282.17
unit.000265, 1, ana, 1446767231.36, 1446767268.46, 1446767270.01, 1446767270.21, 1446767272.12, 1446767283.53
unit.000266, 1, ana, 1446767231.37, 1446767269.2, 1446767270.67, 1446767270.87, 1446767272.72, 1446767283.54
unit.000267, 1, ana, 1446767231.37, 1446767269.36, 1446767270.98, 1446767271.18, 1446767273.13, 1446767284.65
unit.000268, 1, ana, 1446767231.37, 1446767270.08, 1446767271.47, 1446767271.67, 1446767273.53, 1446767284.66
unit.000269, 1, ana, 1446767231.37, 1446767270.3, 1446767271.78, 1446767271.99, 1446767273.83, 1446767285.76
unit.000270, 1, ana, 1446767231.37, 1446767270.96, 1446767272.44, 1446767272.64, 1446767274.53, 1446767285.76
unit.000271, 1, ana, 1446767231.37, 1446767271.2, 1446767272.76, 1446767272.96, 1446767274.83, 1446767286.85
unit.000272, 1, ana, 1446767231.38, 1446767271.85, 1446767273.24, 1446767273.45, 1446767275.34, 1446767286.85
unit.000273, 1, ana, 1446767231.38, 1446767272.1, 1446767273.56, 1446767273.76, 1446767275.64, 1446767287.98
unit.000274, 1, ana, 1446767231.38, 1446767272.75, 1446767274.22, 1446767274.42, 1446767276.24, 1446767288.02
unit.000275, 1, ana, 1446767231.38, 1446767272.98, 1446767274.53, 1446767274.74, 1446767276.64, 1446767289.07
unit.000276, 1, ana, 1446767231.38, 1446767273.64, 1446767275.02, 1446767275.22, 1446767277.04, 1446767289.14
unit.000277, 1, ana, 1446767231.38, 1446767273.93, 1446767275.33, 1446767275.54, 1446767277.45, 1446767290.16
unit.000278, 1, ana, 1446767231.39, 1446767274.53, 1446767275.99, 1446767276.19, 1446767278.05, 1446767290.24
unit.000279, 1, ana, 1446767231.39, 1446767274.81, 1446767276.3, 1446767276.51, 1446767278.35, 1446767291.36
unit.000280, 1, ana, 1446767231.39, 1446767275.41, 1446767276.79, 1446767276.99, 1446767278.85, 1446767291.37
unit.000281, 1, ana, 1446767231.39, 1446767275.67, 1446767277.1, 1446767277.31, 1446767279.25, 1446767292.46
unit.000282, 1, ana, 1446767231.39, 1446767276.3, 1446767277.76, 1446767277.96, 1446767279.96, 1446767292.48
unit.000283, 1, ana, 1446767231.39, 1446767276.54, 1446767278.08, 1446767278.28, 1446767280.26, 1446767293.57
unit.000284, 1, ana, 1446767231.4, 1446767277.17, 1446767278.57, 1446767278.77, 1446767280.56, 1446767293.58
unit.000285, 1, ana, 1446767231.4, 1446767277.42, 1446767278.88, 1446767279.08, 1446767280.96, 1446767294.77
unit.000286, 1, ana, 1446767231.4, 1446767278.04, 1446767279.53, 1446767279.74, 1446767281.56, 1446767294.77
unit.000287, 1, ana, 1446767231.4, 1446767278.29, 1446767279.85, 1446767280.05, 1446767281.97, 1446767295.86
unit.000288, 1, ana, 1446767231.4, 1446767278.91, 1446767280.34, 1446767280.54, 1446767282.37, 1446767295.86
unit.000289, 1, ana, 1446767231.4, 1446767279.19, 1446767280.65, 1446767280.86, 1446767282.77, 1446767296.95
unit.000290, 1, ana, 1446767231.41, 1446767279.8, 1446767281.32, 1446767281.52, 1446767283.37, 1446767296.99
unit.000291, 1, ana, 1446767231.41, 1446767280.08, 1446767281.63, 1446767281.84, 1446767283.77, 1446767298.1
unit.000292, 1, ana, 1446767231.41, 1446767280.67, 1446767282.12, 1446767282.32, 1446767284.17, 1446767298.1
unit.000293, 1, ana, 1446767231.41, 1446767281.04, 1446767282.43, 1446767282.64, 1446767284.48, 1446767299.2
unit.000294, 1, ana, 1446767231.41, 1446767281.58, 1446767283.09, 1446767283.29, 1446767285.08, 1446767299.19
unit.000295, 1, ana, 1446767231.41, 1446767281.91, 1446767283.58, 1446767283.85, 1446767285.68, 1446767300.29
unit.000296, 1, ana, 1446767231.41, 1446767282.49, 1446767284.06, 1446767284.26, 1446767286.08, 1446767300.29
unit.000297, 1, ana, 1446767231.42, 1446767282.99, 1446767284.89, 1446767285.1, 1446767286.88, 1446767301.4
unit.000298, 1, ana, 1446767231.42, 1446767283.55, 1446767285.55, 1446767285.75, 1446767287.59, 1446767301.38
unit.000299, 1, ana, 1446767231.42, 1446767284.29, 1446767285.86, 1446767286.07, 1446767287.89, 1446767302.56
unit.000300, 1, ana, 1446767231.42, 1446767284.92, 1446767286.7, 1446767286.96, 1446767288.79, 1446767302.57
unit.000301, 1, ana, 1446767231.42, 1446767285.22, 1446767286.96, 1446767287.1, 1446767288.99, 1446767303.66
unit.000302, 1, ana, 1446767231.42, 1446767286.14, 1446767287.7, 1446767287.96, 1446767289.8, 1446767303.69
unit.000303, 1, ana, 1446767231.43, 1446767286.15, 1446767287.96, 1446767288.1, 1446767289.9, 1446767304.75
unit.000304, 1, ana, 1446767231.43, 1446767287.07, 1446767288.63, 1446767288.83, 1446767290.7, 1446767304.78
unit.000305, 1, ana, 1446767231.43, 1446767287.21, 1446767288.97, 1446767289.15, 1446767291.0, 1446767305.91
unit.000306, 1, ana, 1446767231.43, 1446767287.98, 1446767289.43, 1446767289.63, 1446767291.5, 1446767305.91
unit.000307, 1, ana, 1446767231.43, 1446767288.27, 1446767289.97, 1446767290.12, 1446767292.05, 1446767307.0
unit.000308, 1, ana, 1446767231.43, 1446767288.87, 1446767290.23, 1446767290.43, 1446767292.31, 1446767307.01
unit.000309, 1, ana, 1446767231.43, 1446767289.35, 1446767291.06, 1446767291.26, 1446767293.21, 1446767308.09
unit.000310, 1, ana, 1446767231.44, 1446767289.74, 1446767291.27, 1446767291.47, 1446767293.41, 1446767308.1
unit.000311, 1, ana, 1446767231.44, 1446767290.42, 1446767292.05, 1446767292.2, 1446767294.18, 1446767309.17
unit.000312, 1, ana, 1446767231.44, 1446767290.63, 1446767292.2, 1446767292.4, 1446767294.32, 1446767309.18
unit.000313, 1, ana, 1446767231.44, 1446767291.5, 1446767292.92, 1446767293.13, 1446767295.02, 1446767310.26
unit.000314, 1, ana, 1446767231.44, 1446767291.52, 1446767293.24, 1446767293.45, 1446767295.32, 1446767310.26
unit.000315, 1, ana, 1446767231.44, 1446767292.39, 1446767293.9, 1446767294.18, 1446767296.02, 1446767311.35
unit.000316, 1, ana, 1446767231.45, 1446767292.59, 1446767294.22, 1446767294.42, 1446767296.22, 1446767311.35
unit.000317, 1, ana, 1446767231.45, 1446767293.28, 1446767294.7, 1446767294.9, 1446767296.72, 1446767312.46
unit.000318, 1, ana, 1446767231.45, 1446767293.66, 1446767295.36, 1446767295.56, 1446767297.43, 1446767312.46
unit.000319, 1, ana, 1446767231.45, 1446767294.15, 1446767295.67, 1446767295.88, 1446767297.73, 1446767313.57
unit.000320, 1, ana, 1446767231.45, 1446767294.85, 1446767296.5, 1446767296.71, 1446767298.63, 1446767313.59
unit.000321, 1, ana, 1446767231.45, 1446767295.03, 1446767296.7, 1446767296.91, 1446767298.83, 1446767314.7
unit.000322, 1, ana, 1446767231.45, 1446767295.92, 1446767297.52, 1446767297.72, 1446767299.64, 1446767314.7
unit.000323, 1, ana, 1446767231.46, 1446767295.94, 1446767297.72, 1446767297.92, 1446767299.84, 1446767315.8
unit.000324, 1, ana, 1446767231.46, 1446767296.87, 1446767298.5, 1446767298.7, 1446767300.54, 1446767315.79
unit.000325, 1, ana, 1446767231.46, 1446767297.03, 1446767298.76, 1446767298.96, 1446767300.74, 1446767316.89
unit.000326, 1, ana, 1446767231.46, 1446767297.81, 1446767299.24, 1446767299.44, 1446767301.34, 1446767316.88
unit.000327, 1, ana, 1446767231.46, 1446767298.18, 1446767299.9, 1446767300.1, 1446767301.95, 1446767318.11
unit.000328, 1, ana, 1446767231.46, 1446767298.75, 1446767300.22, 1446767300.42, 1446767302.25, 1446767318.07
unit.000329, 1, ana, 1446767231.47, 1446767299.33, 1446767301.05, 1446767301.25, 1446767303.15, 1446767319.17
unit.000330, 1, ana, 1446767231.47, 1446767299.61, 1446767301.25, 1446767301.45, 1446767303.35, 1446767319.26
unit.000331, 1, ana, 1446767231.47, 1446767300.4, 1446767301.98, 1446767302.18, 1446767304.05, 1446767320.25
unit.000332, 1, ana, 1446767231.47, 1446767300.48, 1446767302.18, 1446767302.42, 1446767304.15, 1446767320.4
unit.000333, 1, ana, 1446767231.47, 1446767301.37, 1446767302.91, 1446767303.11, 1446767304.96, 1446767321.34
unit.000334, 1, ana, 1446767231.47, 1446767301.47, 1446767303.22, 1446767303.43, 1446767305.36, 1446767321.5
unit.000335, 1, ana, 1446767231.47, 1446767302.31, 1446767303.88, 1446767304.08, 1446767305.96, 1446767322.43
unit.000336, 1, ana, 1446767231.48, 1446767302.61, 1446767304.19, 1446767304.43, 1446767306.26, 1446767322.6
unit.000337, 1, ana, 1446767231.48, 1446767303.23, 1446767304.68, 1446767304.88, 1446767306.67, 1446767323.52
unit.000338, 1, ana, 1446767231.48, 1446767303.67, 1446767305.34, 1446767305.55, 1446767307.37, 1446767323.69
unit.000339, 1, ana, 1446767231.48, 1446767304.16, 1446767305.66, 1446767305.86, 1446767307.77, 1446767324.62
unit.000340, 1, ana, 1446767231.48, 1446767304.73, 1446767306.31, 1446767306.52, 1446767308.37, 1446767324.78
unit.000341, 1, ana, 1446767231.48, 1446767305.11, 1446767306.63, 1446767306.83, 1446767308.67, 1446767325.71
unit.000342, 1, ana, 1446767231.48, 1446767305.8, 1446767307.36, 1446767307.56, 1446767309.38, 1446767325.87
unit.000343, 1, ana, 1446767231.49, 1446767306.09, 1446767307.67, 1446767307.87, 1446767309.68, 1446767326.81
unit.000344, 1, ana, 1446767231.49, 1446767306.86, 1446767308.5, 1446767308.7, 1446767310.58, 1446767326.97
unit.000345, 1, ana, 1446767231.49, 1446767306.98, 1446767308.7, 1446767308.91, 1446767310.78, 1446767327.91
unit.000346, 1, ana, 1446767231.49, 1446767307.91, 1446767309.45, 1446767309.64, 1446767311.52, 1446767328.08
unit.000347, 1, ana, 1446767231.49, 1446767307.93, 1446767309.64, 1446767309.84, 1446767311.69, 1446767329.0
unit.000348, 1, ana, 1446767231.49, 1446767308.83, 1446767310.37, 1446767310.57, 1446767312.49, 1446767329.16
unit.000349, 1, ana, 1446767231.5, 1446767308.95, 1446767310.68, 1446767310.89, 1446767312.79, 1446767330.1
unit.000350, 1, ana, 1446767231.5, 1446767309.8, 1446767311.34, 1446767311.55, 1446767313.39, 1446767330.3
unit.000351, 1, ana, 1446767231.5, 1446767310.02, 1446767311.66, 1446767311.86, 1446767313.69, 1446767331.2
unit.000352, 1, ana, 1446767231.5, 1446767310.69, 1446767312.14, 1446767312.35, 1446767314.19, 1446767331.4
unit.000353, 1, ana, 1446767231.5, 1446767311.09, 1446767312.8, 1446767313.0, 1446767314.8, 1446767332.31
unit.000354, 1, ana, 1446767231.5, 1446767311.57, 1446767313.12, 1446767313.32, 1446767315.2, 1446767332.52
unit.000355, 1, ana, 1446767231.5, 1446767312.3, 1446767313.95, 1446767314.15, 1446767316.1, 1446767333.44
unit.000356, 1, ana, 1446767231.51, 1446767312.45, 1446767314.15, 1446767314.35, 1446767316.3, 1446767333.65
unit.000357, 1, ana, 1446767231.51, 1446767313.35, 1446767314.88, 1446767315.08, 1446767317.01, 1446767334.54
unit.000358, 1, ana, 1446767231.51, 1446767313.4, 1446767315.08, 1446767315.28, 1446767317.21, 1446767334.75
unit.000359, 1, ana, 1446767231.51, 1446767314.33, 1446767315.81, 1446767316.01, 1446767317.91, 1446767335.63
unit.000360, 1, ana, 1446767231.51, 1446767314.42, 1446767316.12, 1446767316.33, 1446767318.21, 1446767335.84
unit.000361, 1, ana, 1446767231.51, 1446767315.25, 1446767316.61, 1446767316.81, 1446767318.71, 1446767336.73
unit.000362, 1, ana, 1446767231.52, 1446767315.45, 1446767317.1, 1446767317.3, 1446767319.22, 1446767336.99
unit.000363, 1, ana, 1446767231.52, 1446767316.12, 1446767317.66, 1446767317.86, 1446767319.86, 1446767337.82
unit.000364, 1, ana, 1446767231.52, 1446767316.5, 1446767318.14, 1446767318.34, 1446767320.22, 1446767338.09
unit.000365, 1, ana, 1446767231.52, 1446767317.02, 1446767318.63, 1446767318.83, 1446767320.72, 1446767338.94
unit.000366, 1, ana, 1446767231.52, 1446767317.56, 1446767319.12, 1446767319.32, 1446767321.22, 1446767339.21
unit.000367, 1, ana, 1446767231.52, 1446767318.05, 1446767319.6, 1446767319.86, 1446767321.72, 1446767340.03
unit.000368, 1, ana, 1446767231.53, 1446767318.63, 1446767320.26, 1446767320.46, 1446767322.33, 1446767340.33
unit.000369, 1, ana, 1446767231.53, 1446767319.0, 1446767320.58, 1446767320.78, 1446767322.63, 1446767341.11
unit.000370, 1, ana, 1446767231.53, 1446767319.7, 1446767321.41, 1446767321.61, 1446767323.53, 1446767341.44
unit.000371, 1, ana, 1446767231.53, 1446767319.98, 1446767321.61, 1446767321.81, 1446767323.63, 1446767342.25
unit.000372, 1, ana, 1446767231.53, 1446767320.79, 1446767322.34, 1446767322.54, 1446767324.44, 1446767342.73
unit.000373, 1, ana, 1446767231.53, 1446767320.9, 1446767322.54, 1446767322.74, 1446767324.64, 1446767343.73
unit.000374, 1, ana, 1446767231.53, 1446767321.83, 1446767323.27, 1446767323.47, 1446767325.34, 1446767344.0
unit.000375, 1, ana, 1446767231.54, 1446767321.84, 1446767323.58, 1446767323.78, 1446767325.64, 1446767344.85
unit.000376, 1, ana, 1446767231.54, 1446767322.7, 1446767324.07, 1446767324.27, 1446767326.14, 1446767345.09
unit.000377, 1, ana, 1446767231.54, 1446767322.91, 1446767324.55, 1446767324.75, 1446767326.64, 1446767345.94
unit.000378, 1, ana, 1446767231.54, 1446767323.57, 1446767325.04, 1446767325.24, 1446767327.05, 1446767346.19
unit.000379, 1, ana, 1446767231.54, 1446767324.01, 1446767325.7, 1446767325.92, 1446767327.75, 1446767347.08
unit.000380, 1, ana, 1446767231.54, 1446767324.45, 1446767326.01, 1446767326.21, 1446767328.05, 1446767347.29
unit.000381, 1, ana, 1446767231.55, 1446767325.05, 1446767326.67, 1446767326.92, 1446767328.75, 1446767348.16
unit.000382, 1, ana, 1446767231.55, 1446767325.32, 1446767326.92, 1446767327.07, 1446767328.85, 1446767348.39
unit.000383, 1, ana, 1446767231.55, 1446767326.11, 1446767327.5, 1446767327.71, 1446767329.56, 1446767349.27
