uid, iter, step, Scheduling, StagingInput, Allocating, Executing, PendingAgentOutputStaging, Done

unit.000000, 1, sim, 2015-10-09 17:45:58.767000, 2015-10-09 17:46:06.011000, 2015-10-09 17:46:06.265000, 2015-10-09 17:46:06.331000, 2015-10-09 17:46:16.207000, 2015-10-09 17:46:17.868000
unit.000001, 1, sim, 2015-10-09 17:45:58.786000, 2015-10-09 17:46:06.408000, 2015-10-09 17:46:06.794000, 2015-10-09 17:46:06.906000, 2015-10-09 17:46:17.874000, 2015-10-09 17:46:19.114000
unit.000002, 1, sim, 2015-10-09 17:45:58.790000, 2015-10-09 17:46:06.423000, 2015-10-09 17:46:06.797000, 2015-10-09 17:46:06.923000, 2015-10-09 17:46:17.981000, 2015-10-09 17:46:19.192000
unit.000003, 1, sim, 2015-10-09 17:45:58.799000, 2015-10-09 17:46:06.382000, 2015-10-09 17:46:06.782000, 2015-10-09 17:46:06.836000, 2015-10-09 17:46:18.296000, 2015-10-09 17:46:20.292000
unit.000004, 1, sim, 2015-10-09 17:45:58.817000, 2015-10-09 17:46:06.478000, 2015-10-09 17:46:06.833000, 2015-10-09 17:46:07.022000, 2015-10-09 17:46:17.876000, 2015-10-09 17:46:19.165000
unit.000005, 1, sim, 2015-10-09 17:45:58.831000, 2015-10-09 17:46:06.578000, 2015-10-09 17:46:06.857000, 2015-10-09 17:46:07.219000, 2015-10-09 17:46:18.510000, 2015-10-09 17:46:20.370000
unit.000006, 1, sim, 2015-10-09 17:45:58.846000, 2015-10-09 17:46:06.667000, 2015-10-09 17:46:07.069000, 2015-10-09 17:46:07.443000, 2015-10-09 17:46:18.504000, 2015-10-09 17:46:20.326000
unit.000007, 1, sim, 2015-10-09 17:45:58.847000, 2015-10-09 17:46:06.017000, 2015-10-09 17:46:06.267000, 2015-10-09 17:46:06.340000, 2015-10-09 17:46:16.931000, 2015-10-09 17:46:17.896000
unit.000008, 1, sim, 2015-10-09 17:45:58.867000, 2015-10-09 17:46:06.994000, 2015-10-09 17:46:07.300000, 2015-10-09 17:46:08.086000, 2015-10-09 17:46:19.428000, 2015-10-09 17:46:21.447000
unit.000009, 1, sim, 2015-10-09 17:45:58.870000, 2015-10-09 17:46:05.961000, 2015-10-09 17:46:06.257000, 2015-10-09 17:46:06.293000, 2015-10-09 17:46:16.518000, 2015-10-09 17:46:17.876000
unit.000010, 1, sim, 2015-10-09 17:45:58.872000, 2015-10-09 17:46:06.199000, 2015-10-09 17:46:06.530000, 2015-10-09 17:46:06.621000, 2015-10-09 17:46:17.762000, 2015-10-09 17:46:19.018000
unit.000011, 1, sim, 2015-10-09 17:45:58.873000, 2015-10-09 17:46:06.237000, 2015-10-09 17:46:06.537000, 2015-10-09 17:46:06.655000, 2015-10-09 17:46:17.768000, 2015-10-09 17:46:19.081000
unit.000012, 1, sim, 2015-10-09 17:45:58.891000, 2015-10-09 17:46:06.121000, 2015-10-09 17:46:06.515000, 2015-10-09 17:46:06.540000, 2015-10-09 17:46:17.759000, 2015-10-09 17:46:18.990000
unit.000013, 1, sim, 2015-10-09 17:45:58.893000, 2015-10-09 17:46:06.606000, 2015-10-09 17:46:06.866000, 2015-10-09 17:46:07.277000, 2015-10-09 17:46:18.818000, 2015-10-09 17:46:20.402000
unit.000014, 1, sim, 2015-10-09 17:45:58.911000, 2015-10-09 17:46:06.646000, 2015-10-09 17:46:07.064000, 2015-10-09 17:46:07.414000, 2015-10-09 17:46:18.087000, 2015-10-09 17:46:19.232000
unit.000015, 1, sim, 2015-10-09 17:45:58.912000, 2015-10-09 17:46:06.644000, 2015-10-09 17:46:07.062000, 2015-10-09 17:46:07.395000, 2015-10-09 17:46:18.616000, 2015-10-09 17:46:20.391000
unit.000016, 1, sim, 2015-10-09 17:45:58.930000, 2015-10-09 17:46:06.626000, 2015-10-09 17:46:07.056000, 2015-10-09 17:46:07.352000, 2015-10-09 17:46:18.920000, 2015-10-09 17:46:20.410000
unit.000017, 1, sim, 2015-10-09 17:45:58.932000, 2015-10-09 17:46:06.673000, 2015-10-09 17:46:07.070000, 2015-10-09 17:46:07.461000, 2015-10-09 17:46:17.556000, 2015-10-09 17:46:18.982000
unit.000018, 1, sim, 2015-10-09 17:45:58.933000, 2015-10-09 17:46:06.712000, 2015-10-09 17:46:07.076000, 2015-10-09 17:46:07.526000, 2015-10-09 17:46:18.506000, 2015-10-09 17:46:20.350000
unit.000019, 1, sim, 2015-10-09 17:45:58.955000, 2015-10-09 17:46:06.716000, 2015-10-09 17:46:07.078000, 2015-10-09 17:46:07.535000, 2015-10-09 17:46:18.514000, 2015-10-09 17:46:20.388000
unit.000020, 1, sim, 2015-10-09 17:45:58.966000, 2015-10-09 17:46:05.988000, 2015-10-09 17:46:06.261000, 2015-10-09 17:46:06.312000, 2015-10-09 17:46:16.522000, 2015-10-09 17:46:17.880000
unit.000021, 1, sim, 2015-10-09 17:45:58.982000, 2015-10-09 17:46:06.735000, 2015-10-09 17:46:07.083000, 2015-10-09 17:46:07.592000, 2015-10-09 17:46:18.515000, 2015-10-09 17:46:20.389000
unit.000022, 1, sim, 2015-10-09 17:45:58.983000, 2015-10-09 17:46:06.767000, 2015-10-09 17:46:07.088000, 2015-10-09 17:46:07.642000, 2015-10-09 17:46:18.508000, 2015-10-09 17:46:20.363000
unit.000023, 1, sim, 2015-10-09 17:45:58.985000, 2015-10-09 17:46:06.791000, 2015-10-09 17:46:07.092000, 2015-10-09 17:46:07.712000, 2015-10-09 17:46:19.122000, 2015-10-09 17:46:20.412000
unit.000024, 1, sim, 2015-10-09 17:45:58.996000, 2015-10-09 17:46:06.834000, 2015-10-09 17:46:07.098000, 2015-10-09 17:46:07.783000, 2015-10-09 17:46:19.429000, 2015-10-09 17:46:21.446000
unit.000025, 1, sim, 2015-10-09 17:45:58.997000, 2015-10-09 17:46:06.849000, 2015-10-09 17:46:07.102000, 2015-10-09 17:46:07.852000, 2015-10-09 17:46:19.429000, 2015-10-09 17:46:21.453000
unit.000026, 1, sim, 2015-10-09 17:45:59.019000, 2015-10-09 17:46:06.889000, 2015-10-09 17:46:07.106000, 2015-10-09 17:46:07.878000, 2015-10-09 17:46:19.533000, 2015-10-09 17:46:21.479000
unit.000027, 1, sim, 2015-10-09 17:45:59.021000, 2015-10-09 17:46:06.916000, 2015-10-09 17:46:07.109000, 2015-10-09 17:46:07.910000, 2015-10-09 17:46:19.430000, 2015-10-09 17:46:21.459000
unit.000028, 1, sim, 2015-10-09 17:45:59.032000, 2015-10-09 17:46:06.835000, 2015-10-09 17:46:07.100000, 2015-10-09 17:46:07.799000, 2015-10-09 17:46:19.533000, 2015-10-09 17:46:21.477000
unit.000029, 1, sim, 2015-10-09 17:45:59.038000, 2015-10-09 17:46:06.993000, 2015-10-09 17:46:07.298000, 2015-10-09 17:46:08.047000, 2015-10-09 17:46:19.432000, 2015-10-09 17:46:21.470000
unit.000030, 1, sim, 2015-10-09 17:45:59.040000, 2015-10-09 17:46:06.086000, 2015-10-09 17:46:06.281000, 2015-10-09 17:46:06.387000, 2015-10-09 17:46:16.205000, 2015-10-09 17:46:17.866000
unit.000031, 1, sim, 2015-10-09 17:45:59.051000, 2015-10-09 17:46:06.138000, 2015-10-09 17:46:06.519000, 2015-10-09 17:46:06.566000, 2015-10-09 17:46:17.766000, 2015-10-09 17:46:19.056000
unit.000032, 1, sim, 2015-10-09 17:45:59.052000, 2015-10-09 17:46:06.758000, 2015-10-09 17:46:07.086000, 2015-10-09 17:46:07.632000, 2015-10-09 17:46:18.512000, 2015-10-09 17:46:20.383000
unit.000033, 1, sim, 2015-10-09 17:45:59.066000, 2015-10-09 17:46:06.416000, 2015-10-09 17:46:06.796000, 2015-10-09 17:46:06.914000, 2015-10-09 17:46:18.191000, 2015-10-09 17:46:19.248000
unit.000034, 1, sim, 2015-10-09 17:45:59.068000, 2015-10-09 17:46:06.446000, 2015-10-09 17:46:06.801000, 2015-10-09 17:46:06.941000, 2015-10-09 17:46:17.983000, 2015-10-09 17:46:19.222000
unit.000035, 1, sim, 2015-10-09 17:45:59.080000, 2015-10-09 17:46:06.446000, 2015-10-09 17:46:06.803000, 2015-10-09 17:46:06.950000, 2015-10-09 17:46:17.875000, 2015-10-09 17:46:19.126000
unit.000036, 1, sim, 2015-10-09 17:45:59.082000, 2015-10-09 17:46:06.487000, 2015-10-09 17:46:06.835000, 2015-10-09 17:46:07.031000, 2015-10-09 17:46:17.878000, 2015-10-09 17:46:19.175000
unit.000037, 1, sim, 2015-10-09 17:45:59.091000, 2015-10-09 17:46:06.470000, 2015-10-09 17:46:06.821000, 2015-10-09 17:46:06.985000, 2015-10-09 17:46:18.191000, 2015-10-09 17:46:19.263000
unit.000038, 1, sim, 2015-10-09 17:45:59.100000, 2015-10-09 17:46:06.792000, 2015-10-09 17:46:07.095000, 2015-10-09 17:46:07.741000, 2015-10-09 17:46:18.510000, 2015-10-09 17:46:20.370000
unit.000039, 1, sim, 2015-10-09 17:45:59.107000, 2015-10-09 17:46:06.530000, 2015-10-09 17:46:06.844000, 2015-10-09 17:46:07.085000, 2015-10-09 17:46:17.446000, 2015-10-09 17:46:18.926000
unit.000040, 1, sim, 2015-10-09 17:45:59.108000, 2015-10-09 17:46:06.541000, 2015-10-09 17:46:06.847000, 2015-10-09 17:46:07.104000, 2015-10-09 17:46:18.401000, 2015-10-09 17:46:20.312000
unit.000041, 1, sim, 2015-10-09 17:45:59.118000, 2015-10-09 17:46:06.562000, 2015-10-09 17:46:06.851000, 2015-10-09 17:46:07.147000, 2015-10-09 17:46:17.447000, 2015-10-09 17:46:18.930000
unit.000042, 1, sim, 2015-10-09 17:45:59.120000, 2015-10-09 17:46:06.567000, 2015-10-09 17:46:06.854000, 2015-10-09 17:46:07.165000, 2015-10-09 17:46:17.449000, 2015-10-09 17:46:18.934000
unit.000043, 1, sim, 2015-10-09 17:45:59.135000, 2015-10-09 17:46:06.586000, 2015-10-09 17:46:06.858000, 2015-10-09 17:46:07.228000, 2015-10-09 17:46:17.449000, 2015-10-09 17:46:18.938000
unit.000044, 1, sim, 2015-10-09 17:45:59.137000, 2015-10-09 17:46:06.592000, 2015-10-09 17:46:06.865000, 2015-10-09 17:46:07.268000, 2015-10-09 17:46:18.503000, 2015-10-09 17:46:20.320000
unit.000045, 1, sim, 2015-10-09 17:45:59.152000, 2015-10-09 17:46:06.613000, 2015-10-09 17:46:06.869000, 2015-10-09 17:46:07.321000, 2015-10-09 17:46:17.553000, 2015-10-09 17:46:18.958000
unit.000046, 1, sim, 2015-10-09 17:45:59.153000, 2015-10-09 17:46:06.623000, 2015-10-09 17:46:07.055000, 2015-10-09 17:46:07.343000, 2015-10-09 17:46:18.717000, 2015-10-09 17:46:20.393000
unit.000047, 1, sim, 2015-10-09 17:45:59.172000, 2015-10-09 17:46:06.638000, 2015-10-09 17:46:07.061000, 2015-10-09 17:46:07.378000, 2015-10-09 17:46:17.554000, 2015-10-09 17:46:18.965000
unit.000048, 1, sim, 2015-10-09 17:45:59.184000, 2015-10-09 17:46:06.662000, 2015-10-09 17:46:07.065000, 2015-10-09 17:46:07.425000, 2015-10-09 17:46:17.877000, 2015-10-09 17:46:19.174000
unit.000049, 1, sim, 2015-10-09 17:45:59.185000, 2015-10-09 17:46:06.784000, 2015-10-09 17:46:07.089000, 2015-10-09 17:46:07.656000, 2015-10-09 17:46:19.121000, 2015-10-09 17:46:20.410000
unit.000050, 1, sim, 2015-10-09 17:45:59.201000, 2015-10-09 17:46:06.951000, 2015-10-09 17:46:07.295000, 2015-10-09 17:46:08.004000, 2015-10-09 17:46:19.431000, 2015-10-09 17:46:21.463000
unit.000051, 1, sim, 2015-10-09 17:45:59.203000, 2015-10-09 17:46:06.716000, 2015-10-09 17:46:07.079000, 2015-10-09 17:46:07.547000, 2015-10-09 17:46:18.506000, 2015-10-09 17:46:20.350000
unit.000052, 1, sim, 2015-10-09 17:45:59.204000, 2015-10-09 17:46:06.733000, 2015-10-09 17:46:07.082000, 2015-10-09 17:46:07.582000, 2015-10-09 17:46:18.507000, 2015-10-09 17:46:20.354000
unit.000053, 1, sim, 2015-10-09 17:45:59.229000, 2015-10-09 17:46:06.750000, 2015-10-09 17:46:07.085000, 2015-10-09 17:46:07.622000, 2015-10-09 17:46:18.508000, 2015-10-09 17:46:20.354000
unit.000054, 1, sim, 2015-10-09 17:45:59.232000, 2015-10-09 17:46:06.784000, 2015-10-09 17:46:07.091000, 2015-10-09 17:46:07.695000, 2015-10-09 17:46:18.509000, 2015-10-09 17:46:20.362000
unit.000055, 1, sim, 2015-10-09 17:45:59.250000, 2015-10-09 17:46:06.816000, 2015-10-09 17:46:07.095000, 2015-10-09 17:46:07.757000, 2015-10-09 17:46:18.513000, 2015-10-09 17:46:20.382000
unit.000056, 1, sim, 2015-10-09 17:45:59.252000, 2015-10-09 17:46:06.853000, 2015-10-09 17:46:07.101000, 2015-10-09 17:46:07.840000, 2015-10-09 17:46:19.424000, 2015-10-09 17:46:21.417000
unit.000057, 1, sim, 2015-10-09 17:45:59.264000, 2015-10-09 17:46:06.887000, 2015-10-09 17:46:07.104000, 2015-10-09 17:46:07.867000, 2015-10-09 17:46:19.424000, 2015-10-09 17:46:21.419000
unit.000058, 1, sim, 2015-10-09 17:45:59.271000, 2015-10-09 17:46:06.907000, 2015-10-09 17:46:07.107000, 2015-10-09 17:46:07.888000, 2015-10-09 17:46:19.425000, 2015-10-09 17:46:21.419000
unit.000059, 1, sim, 2015-10-09 17:45:59.282000, 2015-10-09 17:46:06.939000, 2015-10-09 17:46:07.292000, 2015-10-09 17:46:07.953000, 2015-10-09 17:46:19.431000, 2015-10-09 17:46:21.468000
unit.000060, 1, sim, 2015-10-09 17:45:59.292000, 2015-10-09 17:46:06.962000, 2015-10-09 17:46:07.297000, 2015-10-09 17:46:08.022000, 2015-10-09 17:46:19.427000, 2015-10-09 17:46:21.437000
unit.000061, 1, sim, 2015-10-09 17:45:59.301000, 2015-10-09 17:46:06.324000, 2015-10-09 17:46:06.548000, 2015-10-09 17:46:06.717000, 2015-10-09 17:46:17.764000, 2015-10-09 17:46:19.034000
unit.000062, 1, sim, 2015-10-09 17:45:59.313000, 2015-10-09 17:46:06.373000, 2015-10-09 17:46:06.780000, 2015-10-09 17:46:06.818000, 2015-10-09 17:46:17.237000, 2015-10-09 17:46:17.907000
unit.000063, 1, sim, 2015-10-09 17:45:59.319000, 2015-10-09 17:46:06.088000, 2015-10-09 17:46:06.284000, 2015-10-09 17:46:06.396000, 2015-10-09 17:46:16.625000, 2015-10-09 17:46:17.887000
unit.000064, 1, sim, 2015-10-09 17:45:59.320000, 2015-10-09 17:46:06.143000, 2015-10-09 17:46:06.521000, 2015-10-09 17:46:06.577000, 2015-10-09 17:46:17.760000, 2015-10-09 17:46:19.002000
unit.000065, 1, sim, 2015-10-09 17:45:59.334000, 2015-10-09 17:46:06.227000, 2015-10-09 17:46:06.535000, 2015-10-09 17:46:06.646000, 2015-10-09 17:46:17.763000, 2015-10-09 17:46:19.018000
unit.000066, 1, sim, 2015-10-09 17:45:59.336000, 2015-10-09 17:46:06.458000, 2015-10-09 17:46:06.805000, 2015-10-09 17:46:06.958000, 2015-10-09 17:46:17.880000, 2015-10-09 17:46:19.181000
unit.000067, 1, sim, 2015-10-09 17:45:59.337000, 2015-10-09 17:46:06.459000, 2015-10-09 17:46:06.818000, 2015-10-09 17:46:06.968000, 2015-10-09 17:46:17.982000, 2015-10-09 17:46:19.198000
unit.000068, 1, sim, 2015-10-09 17:45:59.361000, 2015-10-09 17:46:06.478000, 2015-10-09 17:46:06.831000, 2015-10-09 17:46:06.994000, 2015-10-09 17:46:18.085000, 2015-10-09 17:46:19.226000
unit.000069, 1, sim, 2015-10-09 17:45:59.367000, 2015-10-09 17:46:06.490000, 2015-10-09 17:46:06.836000, 2015-10-09 17:46:07.040000, 2015-10-09 17:46:18.088000, 2015-10-09 17:46:19.244000
unit.000070, 1, sim, 2015-10-09 17:45:59.368000, 2015-10-09 17:46:06.506000, 2015-10-09 17:46:06.839000, 2015-10-09 17:46:07.057000, 2015-10-09 17:46:17.879000, 2015-10-09 17:46:19.178000
unit.000071, 1, sim, 2015-10-09 17:45:59.382000, 2015-10-09 17:46:06.274000, 2015-10-09 17:46:06.543000, 2015-10-09 17:46:06.690000, 2015-10-09 17:46:17.239000, 2015-10-09 17:46:17.909000
unit.000072, 1, sim, 2015-10-09 17:45:59.384000, 2015-10-09 17:46:06.552000, 2015-10-09 17:46:06.848000, 2015-10-09 17:46:07.113000, 2015-10-09 17:46:17.447000, 2015-10-09 17:46:18.927000
unit.000073, 1, sim, 2015-10-09 17:45:59.396000, 2015-10-09 17:46:06.564000, 2015-10-09 17:46:06.852000, 2015-10-09 17:46:07.156000, 2015-10-09 17:46:18.399000, 2015-10-09 17:46:20.299000
unit.000074, 1, sim, 2015-10-09 17:45:59.398000, 2015-10-09 17:46:06.574000, 2015-10-09 17:46:06.855000, 2015-10-09 17:46:07.174000, 2015-10-09 17:46:17.982000, 2015-10-09 17:46:19.214000
unit.000075, 1, sim, 2015-10-09 17:45:59.399000, 2015-10-09 17:46:06.590000, 2015-10-09 17:46:06.859000, 2015-10-09 17:46:07.236000, 2015-10-09 17:46:17.451000, 2015-10-09 17:46:18.946000
unit.000076, 1, sim, 2015-10-09 17:45:59.411000, 2015-10-09 17:46:06.356000, 2015-10-09 17:46:06.779000, 2015-10-09 17:46:06.798000, 2015-10-09 17:46:17.240000, 2015-10-09 17:46:17.911000
unit.000077, 1, sim, 2015-10-09 17:45:59.422000, 2015-10-09 17:46:06.394000, 2015-10-09 17:46:06.788000, 2015-10-09 17:46:06.862000, 2015-10-09 17:46:18.294000, 2015-10-09 17:46:20.286000
unit.000078, 1, sim, 2015-10-09 17:45:59.424000, 2015-10-09 17:46:06.468000, 2015-10-09 17:46:06.819000, 2015-10-09 17:46:06.976000, 2015-10-09 17:46:18.192000, 2015-10-09 17:46:19.264000
unit.000079, 1, sim, 2015-10-09 17:45:59.431000, 2015-10-09 17:46:06.607000, 2015-10-09 17:46:06.868000, 2015-10-09 17:46:07.307000, 2015-10-09 17:46:18.504000, 2015-10-09 17:46:20.320000
unit.000080, 1, sim, 2015-10-09 17:45:59.442000, 2015-10-09 17:46:06.662000, 2015-10-09 17:46:07.067000, 2015-10-09 17:46:07.434000, 2015-10-09 17:46:17.555000, 2015-10-09 17:46:18.965000
unit.000081, 1, sim, 2015-10-09 17:45:59.458000, 2015-10-09 17:46:06.706000, 2015-10-09 17:46:07.073000, 2015-10-09 17:46:07.492000, 2015-10-09 17:46:18.505000, 2015-10-09 17:46:20.338000
unit.000082, 1, sim, 2015-10-09 17:45:59.464000, 2015-10-09 17:46:01.723000, 2015-10-09 17:46:06.250000, 2015-10-09 17:46:06.264000, 2015-10-09 17:46:16.310000, 2015-10-09 17:46:17.868000
unit.000083, 1, sim, 2015-10-09 17:45:59.479000, 2015-10-09 17:46:06.725000, 2015-10-09 17:46:07.081000, 2015-10-09 17:46:07.558000, 2015-10-09 17:46:18.512000, 2015-10-09 17:46:20.372000
unit.000084, 1, sim, 2015-10-09 17:45:59.480000, 2015-10-09 17:46:06.066000, 2015-10-09 17:46:06.279000, 2015-10-09 17:46:06.378000, 2015-10-09 17:46:16.520000, 2015-10-09 17:46:17.878000
unit.000085, 1, sim, 2015-10-09 17:45:59.490000, 2015-10-09 17:46:06.399000, 2015-10-09 17:46:06.791000, 2015-10-09 17:46:06.872000, 2015-10-09 17:46:17.657000, 2015-10-09 17:46:18.982000
unit.000086, 1, sim, 2015-10-09 17:45:59.492000, 2015-10-09 17:46:06.314000, 2015-10-09 17:46:06.546000, 2015-10-09 17:46:06.707000, 2015-10-09 17:46:18.293000, 2015-10-09 17:46:20.285000
unit.000087, 1, sim, 2015-10-09 17:45:59.502000, 2015-10-09 17:46:06.130000, 2015-10-09 17:46:06.516000, 2015-10-09 17:46:06.549000, 2015-10-09 17:46:17.769000, 2015-10-09 17:46:19.081000
unit.000088, 1, sim, 2015-10-09 17:45:59.507000, 2015-10-09 17:46:06.506000, 2015-10-09 17:46:06.838000, 2015-10-09 17:46:07.049000, 2015-10-09 17:46:17.876000, 2015-10-09 17:46:19.166000
unit.000089, 1, sim, 2015-10-09 17:45:59.508000, 2015-10-09 17:46:06.591000, 2015-10-09 17:46:06.863000, 2015-10-09 17:46:07.259000, 2015-10-09 17:46:18.399000, 2015-10-09 17:46:20.306000
unit.000090, 1, sim, 2015-10-09 17:45:59.518000, 2015-10-09 17:46:06.627000, 2015-10-09 17:46:07.058000, 2015-10-09 17:46:07.361000, 2015-10-09 17:46:17.553000, 2015-10-09 17:46:18.958000
unit.000091, 1, sim, 2015-10-09 17:45:59.523000, 2015-10-09 17:46:06.951000, 2015-10-09 17:46:07.294000, 2015-10-09 17:46:07.983000, 2015-10-09 17:46:19.427000, 2015-10-09 17:46:21.432000
unit.000092, 1, sim, 2015-10-09 17:45:59.535000, 2015-10-09 17:46:06.939000, 2015-10-09 17:46:07.291000, 2015-10-09 17:46:07.926000, 2015-10-09 17:46:19.426000, 2015-10-09 17:46:21.430000
unit.000093, 1, sim, 2015-10-09 17:45:59.538000, 2015-10-09 17:46:05.972000, 2015-10-09 17:46:06.259000, 2015-10-09 17:46:06.302000, 2015-10-09 17:46:16.414000, 2015-10-09 17:46:17.876000
unit.000094, 1, sim, 2015-10-09 17:45:59.545000, 2015-10-09 17:46:06.383000, 2015-10-09 17:46:06.784000, 2015-10-09 17:46:06.845000, 2015-10-09 17:46:17.237000, 2015-10-09 17:46:17.909000
unit.000095, 1, sim, 2015-10-09 17:45:59.554000, 2015-10-09 17:46:06.402000, 2015-10-09 17:46:06.792000, 2015-10-09 17:46:06.896000, 2015-10-09 17:46:18.398000, 2015-10-09 17:46:20.291000
unit.000096, 1, sim, 2015-10-09 17:45:59.556000, 2015-10-09 17:46:06.194000, 2015-10-09 17:46:06.528000, 2015-10-09 17:46:06.612000, 2015-10-09 17:46:17.770000, 2015-10-09 17:46:19.101000
unit.000097, 1, sim, 2015-10-09 17:45:59.557000, 2015-10-09 17:46:06.050000, 2015-10-09 17:46:06.273000, 2015-10-09 17:46:06.359000, 2015-10-09 17:46:16.519000, 2015-10-09 17:46:17.878000
unit.000098, 1, sim, 2015-10-09 17:45:59.576000, 2015-10-09 17:46:06.423000, 2015-10-09 17:46:06.799000, 2015-10-09 17:46:06.932000, 2015-10-09 17:46:17.874000, 2015-10-09 17:46:19.123000
unit.000099, 1, sim, 2015-10-09 17:45:59.583000, 2015-10-09 17:46:06.541000, 2015-10-09 17:46:06.845000, 2015-10-09 17:46:07.095000, 2015-10-09 17:46:18.398000, 2015-10-09 17:46:20.298000
unit.000100, 1, sim, 2015-10-09 17:45:59.595000, 2015-10-09 17:46:06.613000, 2015-10-09 17:46:07.053000, 2015-10-09 17:46:07.330000, 2015-10-09 17:46:18.295000, 2015-10-09 17:46:20.288000
unit.000101, 1, sim, 2015-10-09 17:45:59.604000, 2015-10-09 17:46:06.347000, 2015-10-09 17:46:06.550000, 2015-10-09 17:46:06.726000, 2015-10-09 17:46:18.085000, 2015-10-09 17:46:19.226000
unit.000102, 1, sim, 2015-10-09 17:45:59.614000, 2015-10-09 17:46:06.530000, 2015-10-09 17:46:06.842000, 2015-10-09 17:46:07.075000, 2015-10-09 17:46:18.086000, 2015-10-09 17:46:19.232000
unit.000103, 1, sim, 2015-10-09 17:45:59.616000, 2015-10-09 17:46:01.755000, 2015-10-09 17:46:06.777000, 2015-10-09 17:46:06.789000, 2015-10-09 17:46:17.236000, 2015-10-09 17:46:17.906000
unit.000104, 1, sim, 2015-10-09 17:45:59.617000, 2015-10-09 17:46:05.994000, 2015-10-09 17:46:06.263000, 2015-10-09 17:46:06.321000, 2015-10-09 17:46:16.204000, 2015-10-09 17:46:17.866000
unit.000105, 1, sim, 2015-10-09 17:45:59.637000, 2015-10-09 17:46:06.060000, 2015-10-09 17:46:06.275000, 2015-10-09 17:46:06.368000, 2015-10-09 17:46:16.523000, 2015-10-09 17:46:17.887000
unit.000106, 1, sim, 2015-10-09 17:45:59.643000, 2015-10-09 17:46:06.246000, 2015-10-09 17:46:06.540000, 2015-10-09 17:46:06.673000, 2015-10-09 17:46:18.189000, 2015-10-09 17:46:19.246000
unit.000107, 1, sim, 2015-10-09 17:45:59.651000, 2015-10-09 17:46:06.208000, 2015-10-09 17:46:06.534000, 2015-10-09 17:46:06.637000, 2015-10-09 17:46:17.772000, 2015-10-09 17:46:19.115000
unit.000108, 1, sim, 2015-10-09 17:45:59.659000, 2015-10-09 17:46:06.291000, 2015-10-09 17:46:06.545000, 2015-10-09 17:46:06.698000, 2015-10-09 17:46:17.235000, 2015-10-09 17:46:17.898000
unit.000109, 1, sim, 2015-10-09 17:45:59.661000, 2015-10-09 17:46:06.186000, 2015-10-09 17:46:06.527000, 2015-10-09 17:46:06.603000, 2015-10-09 17:46:17.761000, 2015-10-09 17:46:19.014000
unit.000110, 1, sim, 2015-10-09 17:45:59.675000, 2015-10-09 17:46:06.511000, 2015-10-09 17:46:06.841000, 2015-10-09 17:46:07.067000, 2015-10-09 17:46:18.502000, 2015-10-09 17:46:20.315000
unit.000111, 1, sim, 2015-10-09 17:45:59.676000, 2015-10-09 17:46:06.637000, 2015-10-09 17:46:07.059000, 2015-10-09 17:46:07.369000, 2015-10-09 17:46:18.400000, 2015-10-09 17:46:20.307000
unit.000112, 1, sim, 2015-10-09 17:45:59.694000, 2015-10-09 17:46:06.098000, 2015-10-09 17:46:06.511000, 2015-10-09 17:46:06.522000, 2015-10-09 17:46:16.520000, 2015-10-09 17:46:17.880000
unit.000113, 1, sim, 2015-10-09 17:45:59.698000, 2015-10-09 17:46:06.823000, 2015-10-09 17:46:07.097000, 2015-10-09 17:46:07.771000, 2015-10-09 17:46:19.423000, 2015-10-09 17:46:21.415000
unit.000114, 1, sim, 2015-10-09 17:45:59.699000, 2015-10-09 17:46:05.915000, 2015-10-09 17:46:06.255000, 2015-10-09 17:46:06.284000, 2015-10-09 17:46:16.413000, 2015-10-09 17:46:17.874000
unit.000115, 1, sim, 2015-10-09 17:45:59.701000, 2015-10-09 17:46:06.038000, 2015-10-09 17:46:06.270000, 2015-10-09 17:46:06.350000, 2015-10-09 17:46:16.310000, 2015-10-09 17:46:17.874000
unit.000116, 1, sim, 2015-10-09 17:45:59.723000, 2015-10-09 17:46:06.115000, 2015-10-09 17:46:06.512000, 2015-10-09 17:46:06.531000, 2015-10-09 17:46:17.765000, 2015-10-09 17:46:19.050000
unit.000117, 1, sim, 2015-10-09 17:45:59.725000, 2015-10-09 17:46:06.184000, 2015-10-09 17:46:06.525000, 2015-10-09 17:46:06.594000, 2015-10-09 17:46:17.766000, 2015-10-09 17:46:19.065000
unit.000118, 1, sim, 2015-10-09 17:45:59.749000, 2015-10-09 17:46:06.242000, 2015-10-09 17:46:06.538000, 2015-10-09 17:46:06.664000, 2015-10-09 17:46:17.763000, 2015-10-09 17:46:19.026000
unit.000119, 1, sim, 2015-10-09 17:45:59.762000, 2015-10-09 17:46:06.394000, 2015-10-09 17:46:06.787000, 2015-10-09 17:46:06.854000, 2015-10-09 17:46:18.190000, 2015-10-09 17:46:19.247000
unit.000120, 1, sim, 2015-10-09 17:45:59.767000, 2015-10-09 17:46:06.552000, 2015-10-09 17:46:06.850000, 2015-10-09 17:46:07.137000, 2015-10-09 17:46:18.295000, 2015-10-09 17:46:20.287000
unit.000121, 1, sim, 2015-10-09 17:45:59.768000, 2015-10-09 17:46:06.257000, 2015-10-09 17:46:06.542000, 2015-10-09 17:46:06.681000, 2015-10-09 17:46:17.234000, 2015-10-09 17:46:17.897000
unit.000122, 1, sim, 2015-10-09 17:45:59.784000, 2015-10-09 17:46:06.706000, 2015-10-09 17:46:07.075000, 2015-10-09 17:46:07.502000, 2015-10-09 17:46:18.511000, 2015-10-09 17:46:20.373000
unit.000123, 1, sim, 2015-10-09 17:45:59.795000, 2015-10-09 17:46:06.204000, 2015-10-09 17:46:06.532000, 2015-10-09 17:46:06.629000, 2015-10-09 17:46:17.767000, 2015-10-09 17:46:19.065000
unit.000124, 1, sim, 2015-10-09 17:45:59.797000, 2015-10-09 17:46:06.132000, 2015-10-09 17:46:06.517000, 2015-10-09 17:46:06.557000, 2015-10-09 17:46:17.760000, 2015-10-09 17:46:18.991000
unit.000125, 1, sim, 2015-10-09 17:45:59.806000, 2015-10-09 17:46:05.913000, 2015-10-09 17:46:06.253000, 2015-10-09 17:46:06.274000, 2015-10-09 17:46:16.727000, 2015-10-09 17:46:17.893000
unit.000126, 1, sim, 2015-10-09 17:45:59.808000, 2015-10-09 17:46:06.170000, 2015-10-09 17:46:06.523000, 2015-10-09 17:46:06.586000, 2015-10-09 17:46:17.771000, 2015-10-09 17:46:19.101000
unit.000127, 1, sim, 2015-10-09 17:45:59.810000, 2015-10-09 17:46:06.683000, 2015-10-09 17:46:07.072000, 2015-10-09 17:46:07.480000, 2015-10-09 17:46:18.818000, 2015-10-09 17:46:20.402000
unit.000128, 1, ana, 2015-10-09 17:46:32.740000, 2015-10-09 17:46:36.031000, 2015-10-09 17:46:36.307000, 2015-10-09 17:46:36.950000, 2015-10-09 17:46:56.009000, 2015-10-09 17:47:34.242000
unit.000129, 1, ana, 2015-10-09 17:46:32.750000, 2015-10-09 17:46:36.534000, 2015-10-09 17:46:36.822000, 2015-10-09 17:46:38.467000, 2015-10-09 17:46:57.254000, 2015-10-09 17:48:06.429000
unit.000130, 1, ana, 2015-10-09 17:46:32.752000, 2015-10-09 17:46:36.239000, 2015-10-09 17:46:36.574000, 2015-10-09 17:46:37.607000, 2015-10-09 17:46:57.253000, 2015-10-09 17:47:45.911000
unit.000131, 1, ana, 2015-10-09 17:46:32.772000, 2015-10-09 17:46:36.098000, 2015-10-09 17:46:36.338000, 2015-10-09 17:46:37.118000, 2015-10-09 17:46:56.424000, 2015-10-09 17:47:37.277000
unit.000132, 1, ana, 2015-10-09 17:46:32.776000, 2015-10-09 17:46:36.032000, 2015-10-09 17:46:36.317000, 2015-10-09 17:46:36.976000, 2015-10-09 17:46:56.534000, 2015-10-09 17:47:35.043000
unit.000133, 1, ana, 2015-10-09 17:46:32.783000, 2015-10-09 17:46:35.324000, 2015-10-09 17:46:35.627000, 2015-10-09 17:46:35.847000, 2015-10-09 17:46:55.271000, 2015-10-09 17:47:09.841000
unit.000134, 1, ana, 2015-10-09 17:46:32.785000, 2015-10-09 17:46:36.183000, 2015-10-09 17:46:36.545000, 2015-10-09 17:46:37.402000, 2015-10-09 17:46:55.905000, 2015-10-09 17:47:42.158000
unit.000135, 1, ana, 2015-10-09 17:46:32.801000, 2015-10-09 17:46:35.435000, 2015-10-09 17:46:35.899000, 2015-10-09 17:46:36.144000, 2015-10-09 17:46:55.593000, 2015-10-09 17:47:18.628000
unit.000136, 1, ana, 2015-10-09 17:46:32.803000, 2015-10-09 17:46:35.355000, 2015-10-09 17:46:35.633000, 2015-10-09 17:46:35.922000, 2015-10-09 17:46:55.592000, 2015-10-09 17:47:11.272000
unit.000137, 1, ana, 2015-10-09 17:46:32.804000, 2015-10-09 17:46:36.457000, 2015-10-09 17:46:36.777000, 2015-10-09 17:46:38.018000, 2015-10-09 17:46:56.640000, 2015-10-09 17:47:53.398000
unit.000138, 1, ana, 2015-10-09 17:46:32.823000, 2015-10-09 17:46:36.455000, 2015-10-09 17:46:36.773000, 2015-10-09 17:46:37.992000, 2015-10-09 17:46:56.638000, 2015-10-09 17:47:52.751000
unit.000139, 1, ana, 2015-10-09 17:46:32.825000, 2015-10-09 17:46:35.911000, 2015-10-09 17:46:36.105000, 2015-10-09 17:46:36.698000, 2015-10-09 17:46:54.865000, 2015-10-09 17:47:30.030000
unit.000140, 1, ana, 2015-10-09 17:46:32.834000, 2015-10-09 17:46:35.921000, 2015-10-09 17:46:36.106000, 2015-10-09 17:46:36.725000, 2015-10-09 17:46:57.357000, 2015-10-09 17:47:30.428000
unit.000141, 1, ana, 2015-10-09 17:46:32.835000, 2015-10-09 17:46:35.990000, 2015-10-09 17:46:36.291000, 2015-10-09 17:46:36.809000, 2015-10-09 17:46:56.008000, 2015-10-09 17:47:31.939000
unit.000142, 1, ana, 2015-10-09 17:46:32.837000, 2015-10-09 17:46:36, 2015-10-09 17:46:36.297000, 2015-10-09 17:46:36.867000, 2015-10-09 17:46:56.318000, 2015-10-09 17:47:33.046000
unit.000143, 1, ana, 2015-10-09 17:46:32.852000, 2015-10-09 17:46:36.022000, 2015-10-09 17:46:36.303000, 2015-10-09 17:46:36.922000, 2015-10-09 17:46:56.530000, 2015-10-09 17:47:33.980000
unit.000144, 1, ana, 2015-10-09 17:46:32.853000, 2015-10-09 17:46:35.410000, 2015-10-09 17:46:35.879000, 2015-10-09 17:46:36.043000, 2015-10-09 17:46:55.491000, 2015-10-09 17:47:15.263000
unit.000145, 1, ana, 2015-10-09 17:46:32.874000, 2015-10-09 17:46:35.254000, 2015-10-09 17:46:35.580000, 2015-10-09 17:46:35.593000, 2015-10-09 17:46:55.903000, 2015-10-09 17:46:59.509000
unit.000146, 1, ana, 2015-10-09 17:46:32.876000, 2015-10-09 17:46:35.457000, 2015-10-09 17:46:35.913000, 2015-10-09 17:46:36.187000, 2015-10-09 17:46:55.273000, 2015-10-09 17:47:20.291000
unit.000147, 1, ana, 2015-10-09 17:46:32.877000, 2015-10-09 17:46:36.539000, 2015-10-09 17:46:36.825000, 2015-10-09 17:46:38.478000, 2015-10-09 17:46:57.256000, 2015-10-09 17:48:06.900000
unit.000148, 1, ana, 2015-10-09 17:46:32.887000, 2015-10-09 17:46:36.382000, 2015-10-09 17:46:36.598000, 2015-10-09 17:46:37.899000, 2015-10-09 17:46:56.637000, 2015-10-09 17:47:51.381000
unit.000149, 1, ana, 2015-10-09 17:46:32.889000, 2015-10-09 17:46:36.516000, 2015-10-09 17:46:36.809000, 2015-10-09 17:46:38.320000, 2015-10-09 17:46:56.948000, 2015-10-09 17:48:03.575000
unit.000150, 1, ana, 2015-10-09 17:46:32.910000, 2015-10-09 17:46:36.522000, 2015-10-09 17:46:36.818000, 2015-10-09 17:46:38.417000, 2015-10-09 17:46:56.949000, 2015-10-09 17:48:05.512000
unit.000151, 1, ana, 2015-10-09 17:46:32.926000, 2015-10-09 17:46:36.486000, 2015-10-09 17:46:36.795000, 2015-10-09 17:46:38.188000, 2015-10-09 17:46:56.948000, 2015-10-09 17:48:00.601000
unit.000152, 1, ana, 2015-10-09 17:46:32.928000, 2015-10-09 17:46:36.508000, 2015-10-09 17:46:36.803000, 2015-10-09 17:46:38.261000, 2015-10-09 17:46:56.950000, 2015-10-09 17:48:02.475000
unit.000153, 1, ana, 2015-10-09 17:46:32.929000, 2015-10-09 17:46:36.486000, 2015-10-09 17:46:36.792000, 2015-10-09 17:46:38.162000, 2015-10-09 17:46:56.638000, 2015-10-09 17:47:59.684000
unit.000154, 1, ana, 2015-10-09 17:46:32.950000, 2015-10-09 17:46:36.474000, 2015-10-09 17:46:36.787000, 2015-10-09 17:46:38.096000, 2015-10-09 17:46:56.741000, 2015-10-09 17:48:01.173000
unit.000155, 1, ana, 2015-10-09 17:46:32.951000, 2015-10-09 17:46:36.468000, 2015-10-09 17:46:36.785000, 2015-10-09 17:46:38.071000, 2015-10-09 17:46:56.844000, 2015-10-09 17:47:57.369000
unit.000156, 1, ana, 2015-10-09 17:46:32.960000, 2015-10-09 17:46:35.291000, 2015-10-09 17:46:35.608000, 2015-10-09 17:46:35.702000, 2015-10-09 17:46:56.007000, 2015-10-09 17:47:05.564000
unit.000157, 1, ana, 2015-10-09 17:46:32.967000, 2015-10-09 17:46:36.390000, 2015-10-09 17:46:36.767000, 2015-10-09 17:46:37.924000, 2015-10-09 17:46:56.533000, 2015-10-09 17:47:51.824000
unit.000158, 1, ana, 2015-10-09 17:46:32.969000, 2015-10-09 17:46:36.382000, 2015-10-09 17:46:36.597000, 2015-10-09 17:46:37.874000, 2015-10-09 17:46:56.426000, 2015-10-09 17:47:50.619000
unit.000159, 1, ana, 2015-10-09 17:46:32.978000, 2015-10-09 17:46:36.390000, 2015-10-09 17:46:36.769000, 2015-10-09 17:46:37.960000, 2015-10-09 17:46:56.639000, 2015-10-09 17:47:52.385000
unit.000160, 1, ana, 2015-10-09 17:46:32.979000, 2015-10-09 17:46:36.214000, 2015-10-09 17:46:36.561000, 2015-10-09 17:46:37.510000, 2015-10-09 17:46:56.214000, 2015-10-09 17:47:44.271000
unit.000161, 1, ana, 2015-10-09 17:46:32.981000, 2015-10-09 17:46:36.207000, 2015-10-09 17:46:36.558000, 2015-10-09 17:46:37.486000, 2015-10-09 17:46:57.252000, 2015-10-09 17:47:43.606000
unit.000162, 1, ana, 2015-10-09 17:46:32.993000, 2015-10-09 17:46:36.238000, 2015-10-09 17:46:36.568000, 2015-10-09 17:46:37.573000, 2015-10-09 17:46:57.458000, 2015-10-09 17:47:45.198000
unit.000163, 1, ana, 2015-10-09 17:46:32.994000, 2015-10-09 17:46:36.314000, 2015-10-09 17:46:36.583000, 2015-10-09 17:46:37.681000, 2015-10-09 17:46:56.319000, 2015-10-09 17:47:47.446000
unit.000164, 1, ana, 2015-10-09 17:46:32.996000, 2015-10-09 17:46:36.197000, 2015-10-09 17:46:36.555000, 2015-10-09 17:46:37.462000, 2015-10-09 17:46:56.636000, 2015-10-09 17:47:43.169000
unit.000165, 1, ana, 2015-10-09 17:46:33.010000, 2015-10-09 17:46:36.152000, 2015-10-09 17:46:36.359000, 2015-10-09 17:46:37.313000, 2015-10-09 17:46:55.904000, 2015-10-09 17:47:40.754000
unit.000166, 1, ana, 2015-10-09 17:46:33.013000, 2015-10-09 17:46:36.134000, 2015-10-09 17:46:36.353000, 2015-10-09 17:46:37.230000, 2015-10-09 17:46:58.263000, 2015-10-09 17:47:39.123000
unit.000167, 1, ana, 2015-10-09 17:46:33.015000, 2015-10-09 17:46:36.112000, 2015-10-09 17:46:36.350000, 2015-10-09 17:46:37.203000, 2015-10-09 17:46:57.252000, 2015-10-09 17:47:38.855000
unit.000168, 1, ana, 2015-10-09 17:46:33.017000, 2015-10-09 17:46:35.270000, 2015-10-09 17:46:35.597000, 2015-10-09 17:46:35.655000, 2015-10-09 17:46:54.449000, 2015-10-09 17:47:02.746000
unit.000169, 1, ana, 2015-10-09 17:46:33.030000, 2015-10-09 17:46:36.522000, 2015-10-09 17:46:36.816000, 2015-10-09 17:46:38.387000, 2015-10-09 17:46:56.947000, 2015-10-09 17:48:04.908000
unit.000170, 1, ana, 2015-10-09 17:46:33.042000, 2015-10-09 17:46:36.517000, 2015-10-09 17:46:36.812000, 2015-10-09 17:46:38.352000, 2015-10-09 17:46:57.255000, 2015-10-09 17:48:04.506000
unit.000171, 1, ana, 2015-10-09 17:46:33.046000, 2015-10-09 17:46:35.480000, 2015-10-09 17:46:35.925000, 2015-10-09 17:46:36.247000, 2015-10-09 17:46:55.273000, 2015-10-09 17:47:22.187000
unit.000172, 1, ana, 2015-10-09 17:46:33.053000, 2015-10-09 17:46:35.462000, 2015-10-09 17:46:35.915000, 2015-10-09 17:46:36.204000, 2015-10-09 17:46:55.903000, 2015-10-09 17:47:20.550000
unit.000173, 1, ana, 2015-10-09 17:46:33.060000, 2015-10-09 17:46:35.456000, 2015-10-09 17:46:35.907000, 2015-10-09 17:46:36.171000, 2015-10-09 17:46:55.594000, 2015-10-09 17:47:19.621000
unit.000174, 1, ana, 2015-10-09 17:46:33.061000, 2015-10-09 17:46:35.431000, 2015-10-09 17:46:35.895000, 2015-10-09 17:46:36.127000, 2015-10-09 17:46:55.379000, 2015-10-09 17:47:18.359000
unit.000175, 1, ana, 2015-10-09 17:46:33.082000, 2015-10-09 17:46:35.419000, 2015-10-09 17:46:35.886000, 2015-10-09 17:46:36.086000, 2015-10-09 17:46:55.489000, 2015-10-09 17:47:16.609000
unit.000176, 1, ana, 2015-10-09 17:46:33.085000, 2015-10-09 17:46:35.413000, 2015-10-09 17:46:35.881000, 2015-10-09 17:46:36.059000, 2015-10-09 17:46:55.486000, 2015-10-09 17:47:15.719000
unit.000177, 1, ana, 2015-10-09 17:46:33.098000, 2015-10-09 17:46:35.385000, 2015-10-09 17:46:35.867000, 2015-10-09 17:46:36.013000, 2015-10-09 17:46:55.488000, 2015-10-09 17:47:14.373000
unit.000178, 1, ana, 2015-10-09 17:46:33.100000, 2015-10-09 17:46:35.378000, 2015-10-09 17:46:35.862000, 2015-10-09 17:46:35.987000, 2015-10-09 17:46:55.490000, 2015-10-09 17:47:13.448000
unit.000179, 1, ana, 2015-10-09 17:46:33.118000, 2015-10-09 17:46:35.363000, 2015-10-09 17:46:35.853000, 2015-10-09 17:46:35.958000, 2015-10-09 17:46:55.484000, 2015-10-09 17:47:12.186000
unit.000180, 1, ana, 2015-10-09 17:46:33.120000, 2015-10-09 17:46:35.332000, 2015-10-09 17:46:35.631000, 2015-10-09 17:46:35.898000, 2015-10-09 17:46:55.484000, 2015-10-09 17:47:10.790000
unit.000181, 1, ana, 2015-10-09 17:46:33.166000, 2015-10-09 17:46:35.309000, 2015-10-09 17:46:35.620000, 2015-10-09 17:46:35.782000, 2015-10-09 17:46:55.378000, 2015-10-09 17:47:07.964000
unit.000182, 1, ana, 2015-10-09 17:46:33.167000, 2015-10-09 17:46:35.272000, 2015-10-09 17:46:35.601000, 2015-10-09 17:46:35.672000, 2015-10-09 17:46:56.211000, 2015-10-09 17:47:04.084000
unit.000183, 1, ana, 2015-10-09 17:46:33.169000, 2015-10-09 17:46:35.313000, 2015-10-09 17:46:35.624000, 2015-10-09 17:46:35.816000, 2015-10-09 17:46:55.270000, 2015-10-09 17:47:08.924000
unit.000184, 1, ana, 2015-10-09 17:46:33.220000, 2015-10-09 17:46:35.297000, 2015-10-09 17:46:35.613000, 2015-10-09 17:46:35.727000, 2015-10-09 17:46:56.110000, 2015-10-09 17:47:06.518000
unit.000185, 1, ana, 2015-10-09 17:46:33.221000, 2015-10-09 17:46:36.370000, 2015-10-09 17:46:36.593000, 2015-10-09 17:46:37.822000, 2015-10-09 17:46:56.429000, 2015-10-09 17:47:49.633000
unit.000186, 1, ana, 2015-10-09 17:46:33.264000, 2015-10-09 17:46:36.162000, 2015-10-09 17:46:36.533000, 2015-10-09 17:46:37.343000, 2015-10-09 17:46:58.162000, 2015-10-09 17:47:41.242000
unit.000187, 1, ana, 2015-10-09 17:46:33.270000, 2015-10-09 17:46:35.285000, 2015-10-09 17:46:35.604000, 2015-10-09 17:46:35.681000, 2015-10-09 17:46:55.801000, 2015-10-09 17:47:04.639000
unit.000188, 1, ana, 2015-10-09 17:46:33.272000, 2015-10-09 17:46:35.272000, 2015-10-09 17:46:35.599000, 2015-10-09 17:46:35.664000, 2015-10-09 17:46:54.655000, 2015-10-09 17:47:03.517000
unit.000189, 1, ana, 2015-10-09 17:46:33.273000, 2015-10-09 17:46:35.583000, 2015-10-09 17:46:35.943000, 2015-10-09 17:46:36.412000, 2015-10-09 17:46:54.759000, 2015-10-09 17:47:25.452000
unit.000190, 1, ana, 2015-10-09 17:46:33.288000, 2015-10-09 17:46:36.040000, 2015-10-09 17:46:36.319000, 2015-10-09 17:46:37.001000, 2015-10-09 17:46:56.531000, 2015-10-09 17:47:35.447000
unit.000191, 1, ana, 2015-10-09 17:46:33.289000, 2015-10-09 17:46:36.358000, 2015-10-09 17:46:36.589000, 2015-10-09 17:46:37.758000, 2015-10-09 17:46:56.534000, 2015-10-09 17:47:48.725000
unit.000192, 1, ana, 2015-10-09 17:46:33.309000, 2015-10-09 17:46:36.374000, 2015-10-09 17:46:36.595000, 2015-10-09 17:46:37.849000, 2015-10-09 17:46:56.532000, 2015-10-09 17:47:50.249000
unit.000193, 1, ana, 2015-10-09 17:46:33.316000, 2015-10-09 17:46:36.362000, 2015-10-09 17:46:36.591000, 2015-10-09 17:46:37.795000, 2015-10-09 17:46:56.425000, 2015-10-09 17:47:49.312000
unit.000194, 1, ana, 2015-10-09 17:46:33.320000, 2015-10-09 17:46:36.270000, 2015-10-09 17:46:36.579000, 2015-10-09 17:46:37.652000, 2015-10-09 17:46:56.217000, 2015-10-09 17:47:46.851000
unit.000195, 1, ana, 2015-10-09 17:46:33.331000, 2015-10-09 17:46:35.329000, 2015-10-09 17:46:35.629000, 2015-10-09 17:46:35.867000, 2015-10-09 17:46:55.381000, 2015-10-09 17:47:10.281000
unit.000196, 1, ana, 2015-10-09 17:46:33.338000, 2015-10-09 17:46:35.317000, 2015-10-09 17:46:35.625000, 2015-10-09 17:46:35.832000, 2015-10-09 17:46:55.276000, 2015-10-09 17:47:09.324000
unit.000197, 1, ana, 2015-10-09 17:46:33.340000, 2015-10-09 17:46:36.539000, 2015-10-09 17:46:36.827000, 2015-10-09 17:46:38.504000, 2015-10-09 17:46:57.254000, 2015-10-09 17:48:07.421000
unit.000198, 1, ana, 2015-10-09 17:46:33.341000, 2015-10-09 17:46:35.296000, 2015-10-09 17:46:35.616000, 2015-10-09 17:46:35.738000, 2015-10-09 17:46:54.447000, 2015-10-09 17:47:07.072000
unit.000199, 1, ana, 2015-10-09 17:46:33.360000, 2015-10-09 17:46:35.291000, 2015-10-09 17:46:35.610000, 2015-10-09 17:46:35.714000, 2015-10-09 17:46:54.446000, 2015-10-09 17:47:05.909000
unit.000200, 1, ana, 2015-10-09 17:46:33.366000, 2015-10-09 17:46:35.286000, 2015-10-09 17:46:35.606000, 2015-10-09 17:46:35.689000, 2015-10-09 17:46:54.655000, 2015-10-09 17:47:04.971000
unit.000201, 1, ana, 2015-10-09 17:46:33.369000, 2015-10-09 17:46:36.054000, 2015-10-09 17:46:36.331000, 2015-10-09 17:46:37.071000, 2015-10-09 17:46:56.427000, 2015-10-09 17:47:36.340000
unit.000202, 1, ana, 2015-10-09 17:46:33.387000, 2015-10-09 17:46:35.938000, 2015-10-09 17:46:36.288000, 2015-10-09 17:46:36.782000, 2015-10-09 17:46:56.213000, 2015-10-09 17:47:31.365000
unit.000203, 1, ana, 2015-10-09 17:46:33.394000, 2015-10-09 17:46:35.263000, 2015-10-09 17:46:35.590000, 2015-10-09 17:46:35.629000, 2015-10-09 17:46:56.843000, 2015-10-09 17:47:01.707000
unit.000204, 1, ana, 2015-10-09 17:46:33.398000, 2015-10-09 17:46:35.257000, 2015-10-09 17:46:35.586000, 2015-10-09 17:46:35.611000, 2015-10-09 17:46:56.421000, 2015-10-09 17:47:00.460000
unit.000205, 1, ana, 2015-10-09 17:46:33.407000, 2015-10-09 17:46:35.265000, 2015-10-09 17:46:35.595000, 2015-10-09 17:46:35.647000, 2015-10-09 17:46:54.445000, 2015-10-09 17:46:58.222000
unit.000206, 1, ana, 2015-10-09 17:46:33.415000, 2015-10-09 17:46:35.258000, 2015-10-09 17:46:35.588000, 2015-10-09 17:46:35.620000, 2015-10-09 17:46:56.006000, 2015-10-09 17:47:01.391000
unit.000207, 1, ana, 2015-10-09 17:46:33.418000, 2015-10-09 17:46:35.264000, 2015-10-09 17:46:35.593000, 2015-10-09 17:46:35.638000, 2015-10-09 17:46:56.530000, 2015-10-09 17:47:02.281000
unit.000208, 1, ana, 2015-10-09 17:46:33.420000, 2015-10-09 17:46:35.886000, 2015-10-09 17:46:36.098000, 2015-10-09 17:46:36.647000, 2015-10-09 17:46:56.422000, 2015-10-09 17:47:29.082000
unit.000209, 1, ana, 2015-10-09 17:46:33.442000, 2015-10-09 17:46:35.803000, 2015-10-09 17:46:36.093000, 2015-10-09 17:46:36.586000, 2015-10-09 17:46:57.659000, 2015-10-09 17:47:27.933000
unit.000210, 1, ana, 2015-10-09 17:46:33.443000, 2015-10-09 17:46:35.737000, 2015-10-09 17:46:36.086000, 2015-10-09 17:46:36.516000, 2015-10-09 17:46:54.760000, 2015-10-09 17:47:26.874000
unit.000211, 1, ana, 2015-10-09 17:46:33.456000, 2015-10-09 17:46:35.590000, 2015-10-09 17:46:35.957000, 2015-10-09 17:46:36.446000, 2015-10-09 17:46:54.761000, 2015-10-09 17:47:25.958000
unit.000212, 1, ana, 2015-10-09 17:46:33.462000, 2015-10-09 17:46:35.507000, 2015-10-09 17:46:35.939000, 2015-10-09 17:46:36.368000, 2015-10-09 17:46:56.212000, 2015-10-09 17:47:24.463000
unit.000213, 1, ana, 2015-10-09 17:46:33.468000, 2015-10-09 17:46:35.486000, 2015-10-09 17:46:35.927000, 2015-10-09 17:46:36.282000, 2015-10-09 17:46:55.382000, 2015-10-09 17:47:22.369000
unit.000214, 1, ana, 2015-10-09 17:46:33.469000, 2015-10-09 17:46:35.418000, 2015-10-09 17:46:35.884000, 2015-10-09 17:46:36.075000, 2015-10-09 17:46:55.378000, 2015-10-09 17:47:16.273000
unit.000215, 1, ana, 2015-10-09 17:46:33.485000, 2015-10-09 17:46:35.423000, 2015-10-09 17:46:35.888000, 2015-10-09 17:46:36.099000, 2015-10-09 17:46:55.698000, 2015-10-09 17:47:17.224000
unit.000216, 1, ana, 2015-10-09 17:46:33.497000, 2015-10-09 17:46:35.494000, 2015-10-09 17:46:35.931000, 2015-10-09 17:46:36.326000, 2015-10-09 17:46:56.007000, 2015-10-09 17:47:23.554000
unit.000217, 1, ana, 2015-10-09 17:46:33.500000, 2015-10-09 17:46:35.582000, 2015-10-09 17:46:35.941000, 2015-10-09 17:46:36.393000, 2015-10-09 17:46:54.552000, 2015-10-09 17:47:25.074000
unit.000218, 1, ana, 2015-10-09 17:46:33.514000, 2015-10-09 17:46:35.900000, 2015-10-09 17:46:36.102000, 2015-10-09 17:46:36.673000, 2015-10-09 17:46:58.664000, 2015-10-09 17:47:29.489000
unit.000219, 1, ana, 2015-10-09 17:46:33.515000, 2015-10-09 17:46:36.491000, 2015-10-09 17:46:36.797000, 2015-10-09 17:46:38.210000, 2015-10-09 17:46:56.742000, 2015-10-09 17:48:01.574000
unit.000220, 1, ana, 2015-10-09 17:46:33.527000, 2015-10-09 17:46:36.152000, 2015-10-09 17:46:36.357000, 2015-10-09 17:46:37.283000, 2015-10-09 17:46:56.213000, 2015-10-09 17:47:40.139000
unit.000221, 1, ana, 2015-10-09 17:46:33.537000, 2015-10-09 17:46:36.179000, 2015-10-09 17:46:36.541000, 2015-10-09 17:46:37.372000, 2015-10-09 17:46:55.699000, 2015-10-09 17:47:41.696000
unit.000222, 1, ana, 2015-10-09 17:46:33.543000, 2015-10-09 17:46:36.230000, 2015-10-09 17:46:36.565000, 2015-10-09 17:46:37.538000, 2015-10-09 17:46:57.660000, 2015-10-09 17:47:44.647000
unit.000223, 1, ana, 2015-10-09 17:46:33.544000, 2015-10-09 17:46:35.998000, 2015-10-09 17:46:36.294000, 2015-10-09 17:46:36.838000, 2015-10-09 17:46:56.320000, 2015-10-09 17:47:32.371000
unit.000224, 1, ana, 2015-10-09 17:46:33.558000, 2015-10-09 17:46:35.503000, 2015-10-09 17:46:35.937000, 2015-10-09 17:46:36.339000, 2015-10-09 17:46:56.216000, 2015-10-09 17:47:24.155000
unit.000225, 1, ana, 2015-10-09 17:46:33.570000, 2015-10-09 17:46:35.466000, 2015-10-09 17:46:35.917000, 2015-10-09 17:46:36.216000, 2015-10-09 17:46:55.594000, 2015-10-09 17:47:21.239000
unit.000226, 1, ana, 2015-10-09 17:46:33.572000, 2015-10-09 17:46:35.390000, 2015-10-09 17:46:35.877000, 2015-10-09 17:46:36.026000, 2015-10-09 17:46:55.485000, 2015-10-09 17:47:14.758000
unit.000227, 1, ana, 2015-10-09 17:46:33.588000, 2015-10-09 17:46:35.470000, 2015-10-09 17:46:35.922000, 2015-10-09 17:46:36.230000, 2015-10-09 17:46:55.380000, 2015-10-09 17:47:21.437000
unit.000228, 1, ana, 2015-10-09 17:46:33.589000, 2015-10-09 17:46:35.430000, 2015-10-09 17:46:35.891000, 2015-10-09 17:46:36.112000, 2015-10-09 17:46:55.272000, 2015-10-09 17:47:17.546000
unit.000229, 1, ana, 2015-10-09 17:46:33.591000, 2015-10-09 17:46:36.184000, 2015-10-09 17:46:36.552000, 2015-10-09 17:46:37.436000, 2015-10-09 17:46:56.214000, 2015-10-09 17:47:42.657000
unit.000230, 1, ana, 2015-10-09 17:46:33.603000, 2015-10-09 17:46:35.439000, 2015-10-09 17:46:35.905000, 2015-10-09 17:46:36.158000, 2015-10-09 17:46:55.596000, 2015-10-09 17:47:19.375000
unit.000231, 1, ana, 2015-10-09 17:46:33.612000, 2015-10-09 17:46:36.259000, 2015-10-09 17:46:36.577000, 2015-10-09 17:46:37.631000, 2015-10-09 17:46:56.215000, 2015-10-09 17:47:46.426000
unit.000232, 1, ana, 2015-10-09 17:46:33.621000, 2015-10-09 17:46:36.018000, 2015-10-09 17:46:36.299000, 2015-10-09 17:46:36.896000, 2015-10-09 17:46:56.423000, 2015-10-09 17:47:33.318000
unit.000233, 1, ana, 2015-10-09 17:46:33.622000, 2015-10-09 17:46:36.041000, 2015-10-09 17:46:36.328000, 2015-10-09 17:46:37.038000, 2015-10-09 17:46:56.423000, 2015-10-09 17:47:36.040000
unit.000234, 1, ana, 2015-10-09 17:46:33.624000, 2015-10-09 17:46:35.379000, 2015-10-09 17:46:35.865000, 2015-10-09 17:46:36.002000, 2015-10-09 17:46:55.485000, 2015-10-09 17:47:13.837000
unit.000235, 1, ana, 2015-10-09 17:46:33.635000, 2015-10-09 17:46:35.363000, 2015-10-09 17:46:35.860000, 2015-10-09 17:46:35.974000, 2015-10-09 17:46:55.487000, 2015-10-09 17:47:12.931000
unit.000236, 1, ana, 2015-10-09 17:46:33.637000, 2015-10-09 17:46:35.254000, 2015-10-09 17:46:35.583000, 2015-10-09 17:46:35.602000, 2015-10-09 17:46:54.654000, 2015-10-09 17:47:00.751000
unit.000237, 1, ana, 2015-10-09 17:46:33.653000, 2015-10-09 17:46:35.313000, 2015-10-09 17:46:35.622000, 2015-10-09 17:46:35.807000, 2015-10-09 17:46:55.168000, 2015-10-09 17:47:08.421000
unit.000238, 1, ana, 2015-10-09 17:46:33.671000, 2015-10-09 17:46:36.106000, 2015-10-09 17:46:36.347000, 2015-10-09 17:46:37.168000, 2015-10-09 17:46:56.424000, 2015-10-09 17:47:38.226000
unit.000239, 1, ana, 2015-10-09 17:46:33.672000, 2015-10-09 17:46:36.054000, 2015-10-09 17:46:36.333000, 2015-10-09 17:46:37.095000, 2015-10-09 17:46:56.535000, 2015-10-09 17:47:37.018000
unit.000240, 1, ana, 2015-10-09 17:46:33.689000, 2015-10-09 17:46:36.326000, 2015-10-09 17:46:36.585000, 2015-10-09 17:46:37.699000, 2015-10-09 17:46:56.532000, 2015-10-09 17:47:47.822000
unit.000241, 1, ana, 2015-10-09 17:46:33.701000, 2015-10-09 17:46:36.134000, 2015-10-09 17:46:36.355000, 2015-10-09 17:46:37.255000, 2015-10-09 17:46:57.559000, 2015-10-09 17:47:39.794000
unit.000242, 1, ana, 2015-10-09 17:46:33.706000, 2015-10-09 17:46:35.646000, 2015-10-09 17:46:35.959000, 2015-10-09 17:46:36.475000, 2015-10-09 17:46:54.656000, 2015-10-09 17:47:26.353000
unit.000243, 1, ana, 2015-10-09 17:46:33.707000, 2015-10-09 17:46:35.840000, 2015-10-09 17:46:36.095000, 2015-10-09 17:46:36.615000, 2015-10-09 17:46:55.699000, 2015-10-09 17:47:28.298000
unit.000244, 1, ana, 2015-10-09 17:46:33.722000, 2015-10-09 17:46:36.465000, 2015-10-09 17:46:36.781000, 2015-10-09 17:46:38.043000, 2015-10-09 17:46:56.843000, 2015-10-09 17:47:53.767000
unit.000245, 1, ana, 2015-10-09 17:46:33.724000, 2015-10-09 17:46:35.494000, 2015-10-09 17:46:35.928000, 2015-10-09 17:46:36.305000, 2015-10-09 17:46:55.274000, 2015-10-09 17:47:23.163000
unit.000246, 1, ana, 2015-10-09 17:46:33.738000, 2015-10-09 17:46:35.751000, 2015-10-09 17:46:36.090000, 2015-10-09 17:46:36.557000, 2015-10-09 17:46:54.762000, 2015-10-09 17:47:27.278000
unit.000247, 1, ana, 2015-10-09 17:46:33.743000, 2015-10-09 17:46:36.506000, 2015-10-09 17:46:36.800000, 2015-10-09 17:46:38.239000, 2015-10-09 17:46:56.946000, 2015-10-09 17:48:02.125000
unit.000248, 1, ana, 2015-10-09 17:46:33.745000, 2015-10-09 17:46:35.309000, 2015-10-09 17:46:35.618000, 2015-10-09 17:46:35.756000, 2015-10-09 17:46:54.342000, 2015-10-09 17:47:07.493000
unit.000249, 1, ana, 2015-10-09 17:46:33.755000, 2015-10-09 17:46:35.355000, 2015-10-09 17:46:35.634000, 2015-10-09 17:46:35.937000, 2015-10-09 17:46:55.596000, 2015-10-09 17:47:11.824000
unit.000250, 1, ana, 2015-10-09 17:46:33.756000, 2015-10-09 17:46:36.534000, 2015-10-09 17:46:36.820000, 2015-10-09 17:46:38.443000, 2015-10-09 17:46:57.151000, 2015-10-09 17:48:05.888000
unit.000251, 1, ana, 2015-10-09 17:46:33.769000, 2015-10-09 17:46:36.478000, 2015-10-09 17:46:36.790000, 2015-10-09 17:46:38.127000, 2015-10-09 17:46:56.945000, 2015-10-09 17:47:58.759000
unit.000252, 1, ana, 2015-10-09 17:46:33.771000, 2015-10-09 17:46:36.327000, 2015-10-09 17:46:36.587000, 2015-10-09 17:46:37.730000, 2015-10-09 17:46:56.428000, 2015-10-09 17:47:48.337000
unit.000253, 1, ana, 2015-10-09 17:46:33.773000, 2015-10-09 17:46:36.098000, 2015-10-09 17:46:36.344000, 2015-10-09 17:46:37.148000, 2015-10-09 17:46:56.427000, 2015-10-09 17:47:37.908000
unit.000254, 1, ana, 2015-10-09 17:46:33.778000, 2015-10-09 17:46:36.508000, 2015-10-09 17:46:36.806000, 2015-10-09 17:46:38.289000, 2015-10-09 17:46:56.946000, 2015-10-09 17:48:03.014000
unit.000255, 1, ana, 2015-10-09 17:46:33.783000, 2015-10-09 17:46:35.921000, 2015-10-09 17:46:36.108000, 2015-10-09 17:46:36.754000, 2015-10-09 17:46:56.318000, 2015-10-09 17:47:30.981000
