CU_ID; Scheduling; StagingInput; Allocating; Executing; AgentStagingOutputPending; Done; Cycle; Step;
unit.000357; 1446814240.44; 1446814337.09; 1446814338.82; 1446814339.02; 1446814340.91; 1446814346.68; cycle_1; ex_step
unit.000356; 1446814240.44; 1446814336.8; 1446814338.5; 1446814338.71; 1446814340.51; 1446814345.58; cycle_1; ex_step
unit.000355; 1446814240.43; 1446814336.07; 1446814337.67; 1446814337.88; 1446814339.71; 1446814345.58; cycle_1; ex_step
unit.000354; 1446814240.43; 1446814335.53; 1446814337.36; 1446814337.56; 1446814339.41; 1446814344.48; cycle_1; ex_step
unit.000353; 1446814240.43; 1446814335.07; 1446814336.7; 1446814336.9; 1446814338.81; 1446814344.48; cycle_1; ex_step
unit.000352; 1446814240.43; 1446814334.32; 1446814336.04; 1446814336.24; 1446814338.1; 1446814343.35; cycle_1; ex_step
unit.000351; 1446814240.43; 1446814334.06; 1446814335.73; 1446814335.93; 1446814337.8; 1446814343.35; cycle_1; ex_step
unit.000350; 1446814240.43; 1446814333.05; 1446814334.58; 1446814334.79; 1446814336.6; 1446814342.25; cycle_1; ex_step
unit.000359; 1446814240.44; 1446814338.11; 1446814339.65; 1446814339.85; 1446814341.72; 1446814346.67; cycle_1; ex_step
unit.000358; 1446814240.44; 1446814338.01; 1446814339.97; 1446814340.17; 1446814342.02; 1446814347.77; cycle_1; ex_step
unit.000296; 1446814240.34; 1446814302.89; 1446814304.46; 1446814304.66; 1446814306.48; 1446814311.16; cycle_1; ex_step
unit.000297; 1446814240.34; 1446814303.47; 1446814305.12; 1446814305.32; 1446814307.19; 1446814312.29; cycle_1; ex_step
unit.000294; 1446814240.33; 1446814301.86; 1446814303.47; 1446814303.68; 1446814305.58; 1446814310.05; cycle_1; ex_step
unit.000295; 1446814240.34; 1446814302.41; 1446814303.97; 1446814304.17; 1446814306.08; 1446814311.16; cycle_1; ex_step
unit.000292; 1446814240.33; 1446814300.81; 1446814302.54; 1446814302.7; 1446814304.63; 1446814308.95; cycle_1; ex_step
unit.000293; 1446814240.33; 1446814301.34; 1446814302.98; 1446814303.18; 1446814304.98; 1446814310.05; cycle_1; ex_step
unit.000290; 1446814240.33; 1446814299.79; 1446814301.34; 1446814301.55; 1446814303.37; 1446814307.85; cycle_1; ex_step
unit.000291; 1446814240.33; 1446814300.3; 1446814302.01; 1446814302.21; 1446814304.07; 1446814308.95; cycle_1; ex_step
unit.000298; 1446814240.34; 1446814303.92; 1446814305.44; 1446814305.66; 1446814307.49; 1446814312.29; cycle_1; ex_step
unit.000299; 1446814240.34; 1446814304.56; 1446814306.46; 1446814306.67; 1446814308.49; 1446814313.38; cycle_1; ex_step
unit.000218; 1446814240.21; 1446814259.94; 1446814261.65; 1446814261.89; 1446814263.72; 1446814268.0; cycle_1; ex_step
unit.000219; 1446814240.21; 1446814260.19; 1446814261.89; 1446814262.05; 1446814263.92; 1446814268.99; cycle_1; ex_step
unit.000216; 1446814240.21; 1446814258.88; 1446814260.5; 1446814260.71; 1446814262.52; 1446814266.9; cycle_1; ex_step
unit.000217; 1446814240.21; 1446814259.18; 1446814260.88; 1446814261.02; 1446814262.93; 1446814267.89; cycle_1; ex_step
unit.000214; 1446814240.21; 1446814257.82; 1446814259.53; 1446814259.74; 1446814261.61; 1446814265.78; cycle_1; ex_step
unit.000215; 1446814240.21; 1446814258.17; 1446814259.85; 1446814260.05; 1446814261.91; 1446814266.8; cycle_1; ex_step
unit.000212; 1446814240.2; 1446814256.75; 1446814258.39; 1446814258.6; 1446814260.41; 1446814264.67; cycle_1; ex_step
unit.000213; 1446814240.2; 1446814257.13; 1446814258.71; 1446814258.91; 1446814260.81; 1446814265.63; cycle_1; ex_step
unit.000210; 1446814240.2; 1446814255.66; 1446814257.25; 1446814257.45; 1446814259.3; 1446814263.46; cycle_1; ex_step
unit.000211; 1446814240.2; 1446814256.12; 1446814257.77; 1446814257.94; 1446814259.81; 1446814264.54; cycle_1; ex_step
unit.000285; 1446814240.32; 1446814296.85; 1446814298.64; 1446814298.84; 1446814300.66; 1446814305.65; cycle_1; ex_step
unit.000284; 1446814240.32; 1446814296.72; 1446814298.31; 1446814298.51; 1446814300.36; 1446814304.56; cycle_1; ex_step
unit.000287; 1446814240.32; 1446814297.96; 1446814299.79; 1446814299.99; 1446814301.87; 1446814306.74; cycle_1; ex_step
unit.000286; 1446814240.32; 1446814297.8; 1446814299.3; 1446814299.53; 1446814301.36; 1446814305.66; cycle_1; ex_step
unit.000281; 1446814240.31; 1446814294.26; 1446814296.52; 1446814296.73; 1446814298.65; 1446814303.42; cycle_1; ex_step
unit.000280; 1446814240.31; 1446814294.26; 1446814296.4; 1446814296.53; 1446814298.49; 1446814302.34; cycle_1; ex_step
unit.000283; 1446814240.32; 1446814295.77; 1446814297.57; 1446814297.77; 1446814299.66; 1446814304.56; cycle_1; ex_step
unit.000282; 1446814240.32; 1446814295.71; 1446814297.43; 1446814297.57; 1446814299.46; 1446814303.42; cycle_1; ex_step
unit.000289; 1446814240.33; 1446814299.24; 1446814300.86; 1446814301.06; 1446814302.97; 1446814307.86; cycle_1; ex_step
unit.000288; 1446814240.33; 1446814298.8; 1446814300.36; 1446814300.56; 1446814302.47; 1446814306.75; cycle_1; ex_step
unit.000371; 1446814240.46; 1446814345.38; 1446814346.92; 1446814347.12; 1446814349.01; 1446814354.53; cycle_1; ex_step
unit.000370; 1446814240.46; 1446814344.49; 1446814346.26; 1446814346.46; 1446814348.24; 1446814353.38; cycle_1; ex_step
unit.000322; 1446814240.38; 1446814316.74; 1446814318.39; 1446814318.59; 1446814320.44; 1446814326.13; cycle_1; ex_step
unit.000323; 1446814240.38; 1446814317.13; 1446814318.7; 1446814318.9; 1446814320.74; 1446814327.65; cycle_1; ex_step
unit.000320; 1446814240.38; 1446814315.68; 1446814317.24; 1446814317.45; 1446814319.33; 1446814325.0; cycle_1; ex_step
unit.000321; 1446814240.38; 1446814316.13; 1446814317.8; 1446814317.93; 1446814319.84; 1446814326.13; cycle_1; ex_step
unit.000209; 1446814240.2; 1446814255.12; 1446814256.77; 1446814256.97; 1446814258.8; 1446814263.45; cycle_1; ex_step
unit.000208; 1446814240.2; 1446814254.31; 1446814256.28; 1446814256.48; 1446814258.3; 1446814262.24; cycle_1; ex_step
unit.000324; 1446814240.38; 1446814317.8; 1446814319.36; 1446814319.56; 1446814321.44; 1446814327.79; cycle_1; ex_step
unit.000325; 1446814240.39; 1446814318.17; 1446814319.85; 1446814320.05; 1446814321.84; 1446814328.77; cycle_1; ex_step
unit.000205; 1446814240.19; 1446814253.12; 1446814254.65; 1446814254.86; 1446814256.74; 1446814260.81; cycle_1; ex_step
unit.000204; 1446814240.19; 1446814252.16; 1446814253.93; 1446814254.13; 1446814255.99; 1446814259.75; cycle_1; ex_step
unit.000207; 1446814240.19; 1446814254.12; 1446814255.62; 1446814255.83; 1446814257.7; 1446814262.24; cycle_1; ex_step
unit.000206; 1446814240.19; 1446814253.25; 1446814254.97; 1446814255.17; 1446814256.99; 1446814260.83; cycle_1; ex_step
unit.000201; 1446814240.19; 1446814247.75; 1446814252.63; 1446814252.83; 1446814254.69; 1446814258.65; cycle_1; ex_step
unit.000200; 1446814240.18; 1446814247.75; 1446814251.62; 1446814251.83; 1446814253.68; 1446814257.58; cycle_1; ex_step
unit.000203; 1446814240.19; 1446814252.12; 1446814253.73; 1446814253.93; 1446814255.79; 1446814259.73; cycle_1; ex_step
unit.000202; 1446814240.19; 1446814251.03; 1446814252.83; 1446814253.03; 1446814254.89; 1446814258.67; cycle_1; ex_step
unit.000230; 1446814240.23; 1446814266.82; 1446814268.42; 1446814268.62; 1446814270.44; 1446814274.62; cycle_1; ex_step
unit.000231; 1446814240.23; 1446814267.13; 1446814268.73; 1446814268.94; 1446814270.85; 1446814275.63; cycle_1; ex_step
unit.000232; 1446814240.23; 1446814267.9; 1446814269.82; 1446814270.02; 1446814271.95; 1446814275.73; cycle_1; ex_step
unit.000233; 1446814240.24; 1446814268.2; 1446814270.02; 1446814270.22; 1446814272.15; 1446814276.74; cycle_1; ex_step
unit.000234; 1446814240.24; 1446814269.18; 1446814270.74; 1446814270.95; 1446814272.85; 1446814276.82; cycle_1; ex_step
unit.000235; 1446814240.24; 1446814269.27; 1446814271.06; 1446814271.26; 1446814273.15; 1446814277.82; cycle_1; ex_step
unit.000236; 1446814240.24; 1446814270.23; 1446814271.89; 1446814272.09; 1446814274.06; 1446814277.9; cycle_1; ex_step
unit.000237; 1446814240.24; 1446814270.39; 1446814272.09; 1446814272.29; 1446814274.26; 1446814278.9; cycle_1; ex_step
unit.000238; 1446814240.24; 1446814271.24; 1446814272.82; 1446814273.02; 1446814274.96; 1446814278.98; cycle_1; ex_step
unit.000239; 1446814240.25; 1446814271.46; 1446814273.13; 1446814273.34; 1446814275.16; 1446814279.99; cycle_1; ex_step
unit.000378; 1446814240.47; 1446814349.06; 1446814350.75; 1446814350.95; 1446814352.76; 1446814357.81; cycle_1; ex_step
unit.000331; 1446814240.4; 1446814321.18; 1446814323.25; 1446814323.45; 1446814325.26; 1446814332.23; cycle_1; ex_step
unit.000330; 1446814240.39; 1446814321.01; 1446814323.04; 1446814323.28; 1446814325.06; 1446814331.13; cycle_1; ex_step
unit.000333; 1446814240.4; 1446814322.52; 1446814324.75; 1446814324.95; 1446814327.36; 1446814333.32; cycle_1; ex_step
unit.000332; 1446814240.4; 1446814322.51; 1446814324.55; 1446814324.75; 1446814327.26; 1446814332.33; cycle_1; ex_step
unit.000335; 1446814240.4; 1446814324.03; 1446814325.75; 1446814326.0; 1446814328.67; 1446814334.44; cycle_1; ex_step
unit.000334; 1446814240.4; 1446814323.88; 1446814325.43; 1446814325.63; 1446814328.57; 1446814333.42; cycle_1; ex_step
unit.000337; 1446814240.41; 1446814325.12; 1446814327.32; 1446814327.52; 1446814329.37; 1446814335.59; cycle_1; ex_step
unit.000336; 1446814240.4; 1446814324.89; 1446814326.82; 1446814327.02; 1446814328.97; 1446814334.55; cycle_1; ex_step
unit.000339; 1446814240.41; 1446814326.75; 1446814328.9; 1446814329.15; 1446814330.98; 1446814336.68; cycle_1; ex_step
unit.000326; 1446814240.39; 1446814318.87; 1446814320.58; 1446814320.78; 1446814322.65; 1446814328.88; cycle_1; ex_step
unit.000327; 1446814240.39; 1446814319.19; 1446814320.89; 1446814321.09; 1446814322.95; 1446814329.93; cycle_1; ex_step
unit.000227; 1446814240.23; 1446814264.84; 1446814266.62; 1446814266.82; 1446814268.64; 1446814273.4; cycle_1; ex_step
unit.000226; 1446814240.23; 1446814264.67; 1446814266.31; 1446814266.51; 1446814268.34; 1446814272.38; cycle_1; ex_step
unit.000225; 1446814240.22; 1446814263.76; 1446814265.48; 1446814265.68; 1446814267.53; 1446814272.31; cycle_1; ex_step
unit.000224; 1446814240.22; 1446814263.59; 1446814265.17; 1446814265.37; 1446814267.23; 1446814271.29; cycle_1; ex_step
unit.000223; 1446814240.22; 1446814262.24; 1446814264.02; 1446814264.22; 1446814266.08; 1446814270.2; cycle_1; ex_step
unit.000222; 1446814240.22; 1446814262.24; 1446814264.34; 1446814264.54; 1446814266.33; 1446814271.22; cycle_1; ex_step
unit.000221; 1446814240.22; 1446814261.2; 1446814262.96; 1446814263.16; 1446814265.02; 1446814270.13; cycle_1; ex_step
unit.000220; 1446814240.22; 1446814261.0; 1446814262.75; 1446814262.95; 1446814264.82; 1446814269.09; cycle_1; ex_step
unit.000338; 1446814240.41; 1446814325.92; 1446814328.41; 1446814328.61; 1446814330.47; 1446814335.66; cycle_1; ex_step
unit.000369; 1446814240.46; 1446814344.28; 1446814345.95; 1446814346.15; 1446814348.04; 1446814353.36; cycle_1; ex_step
unit.000380; 1446814240.48; 1446814350.13; 1446814351.89; 1446814352.1; 1446814353.96; 1446814358.92; cycle_1; ex_step
unit.000381; 1446814240.48; 1446814350.49; 1446814352.21; 1446814352.41; 1446814354.26; 1446814360.01; cycle_1; ex_step
unit.000229; 1446814240.23; 1446814265.91; 1446814267.76; 1446814267.96; 1446814269.84; 1446814274.51; cycle_1; ex_step
unit.000228; 1446814240.23; 1446814265.73; 1446814267.45; 1446814267.65; 1446814269.54; 1446814273.49; cycle_1; ex_step
unit.000366; 1446814240.45; 1446814342.24; 1446814343.97; 1446814344.17; 1446814346.03; 1446814351.17; cycle_1; ex_step
unit.000379; 1446814240.47; 1446814349.48; 1446814351.06; 1446814351.26; 1446814353.16; 1446814358.91; cycle_1; ex_step
unit.000382; 1446814240.48; 1446814351.25; 1446814352.87; 1446814353.07; 1446814354.86; 1446814360.01; cycle_1; ex_step
unit.000367; 1446814240.45; 1446814343.12; 1446814345.12; 1446814345.32; 1446814347.14; 1446814352.27; cycle_1; ex_step
unit.000383; 1446814240.48; 1446814351.49; 1446814353.19; 1446814353.39; 1446814355.17; 1446814361.09; cycle_1; ex_step
unit.000328; 1446814240.39; 1446814319.94; 1446814321.55; 1446814321.75; 1446814323.55; 1446814330.01; cycle_1; ex_step
unit.000329; 1446814240.39; 1446814320.19; 1446814321.92; 1446814322.07; 1446814323.85; 1446814331.06; cycle_1; ex_step
unit.000199; 1446814240.18; 1446814246.1; 1446814248.6; 1446814248.8; 1446814250.57; 1446814257.56; cycle_1; ex_step
unit.000198; 1446814240.18; 1446814246.0; 1446814248.46; 1446814248.59; 1446814250.47; 1446814256.5; cycle_1; ex_step
unit.000318; 1446814240.37; 1446814314.56; 1446814316.27; 1446814316.47; 1446814318.33; 1446814323.91; cycle_1; ex_step
unit.000195; 1446814240.18; 1446814244.11; 1446814245.78; 1446814245.98; 1446814248.57; 1446814255.4; cycle_1; ex_step
unit.000194; 1446814240.17; 1446814243.93; 1446814245.46; 1446814245.66; 1446814248.47; 1446814254.34; cycle_1; ex_step
unit.000197; 1446814240.18; 1446814245.11; 1446814246.81; 1446814247.22; 1446814250.27; 1446814256.48; cycle_1; ex_step
unit.000196; 1446814240.18; 1446814244.93; 1446814246.6; 1446814246.81; 1446814249.87; 1446814255.42; cycle_1; ex_step
unit.000193; 1446814240.17; 1446814241.99; 1446814244.73; 1446814244.94; 1446814246.78; 1446814254.31; cycle_1; ex_step
unit.000192; 1446814240.17; 1446814241.98; 1446814244.53; 1446814244.73; 1446814246.58; 1446814253.24; cycle_1; ex_step
unit.000304; 1446814240.35; 1446814306.95; 1446814308.71; 1446814308.91; 1446814310.7; 1446814315.65; cycle_1; ex_step
unit.000305; 1446814240.35; 1446814307.94; 1446814309.69; 1446814309.82; 1446814311.72; 1446814316.73; cycle_1; ex_step
unit.000306; 1446814240.35; 1446814308.02; 1446814309.81; 1446814310.02; 1446814311.91; 1446814316.74; cycle_1; ex_step
unit.000307; 1446814240.36; 1446814308.97; 1446814310.69; 1446814310.82; 1446814312.78; 1446814317.84; cycle_1; ex_step
unit.000300; 1446814240.34; 1446814304.92; 1446814306.67; 1446814306.87; 1446814308.69; 1446814313.38; cycle_1; ex_step
unit.000301; 1446814240.35; 1446814305.85; 1446814307.58; 1446814307.78; 1446814309.7; 1446814314.48; cycle_1; ex_step
unit.000302; 1446814240.35; 1446814305.92; 1446814307.78; 1446814307.98; 1446814309.9; 1446814314.48; cycle_1; ex_step
unit.000303; 1446814240.35; 1446814306.92; 1446814308.51; 1446814308.71; 1446814310.6; 1446814315.64; cycle_1; ex_step
unit.000308; 1446814240.36; 1446814309.11; 1446814310.82; 1446814311.02; 1446814312.91; 1446814317.84; cycle_1; ex_step
unit.000309; 1446814240.36; 1446814309.98; 1446814311.55; 1446814311.75; 1446814313.61; 1446814318.93; cycle_1; ex_step
unit.000368; 1446814240.45; 1446814343.28; 1446814344.8; 1446814345.01; 1446814346.88; 1446814352.28; cycle_1; ex_step
unit.000319; 1446814240.38; 1446814315.11; 1446814316.8; 1446814316.96; 1446814318.73; 1446814325.01; cycle_1; ex_step
unit.000252; 1446814240.27; 1446814278.38; 1446814280.03; 1446814280.23; 1446814282.09; 1446814286.76; cycle_1; ex_step
unit.000253; 1446814240.27; 1446814279.2; 1446814280.86; 1446814281.07; 1446814282.99; 1446814287.73; cycle_1; ex_step
unit.000250; 1446814240.26; 1446814277.37; 1446814278.99; 1446814279.19; 1446814281.09; 1446814285.6; cycle_1; ex_step
unit.000251; 1446814240.27; 1446814278.11; 1446814279.72; 1446814279.92; 1446814281.79; 1446814286.65; cycle_1; ex_step
unit.000256; 1446814240.27; 1446814280.43; 1446814282.17; 1446814282.37; 1446814284.3; 1446814288.94; cycle_1; ex_step
unit.000257; 1446814240.28; 1446814281.33; 1446814282.89; 1446814283.1; 1446814285.0; 1446814289.93; cycle_1; ex_step
unit.000254; 1446814240.27; 1446814279.4; 1446814281.06; 1446814281.27; 1446814283.19; 1446814287.85; cycle_1; ex_step
unit.000255; 1446814240.27; 1446814280.26; 1446814281.97; 1446814282.17; 1446814284.1; 1446814288.83; cycle_1; ex_step
unit.000313; 1446814240.37; 1446814312.02; 1446814313.66; 1446814313.87; 1446814315.72; 1446814321.11; cycle_1; ex_step
unit.000312; 1446814240.36; 1446814311.25; 1446814313.01; 1446814313.21; 1446814315.02; 1446814320.02; cycle_1; ex_step
unit.000258; 1446814240.28; 1446814281.43; 1446814283.1; 1446814283.3; 1446814285.1; 1446814290.05; cycle_1; ex_step
unit.000259; 1446814240.28; 1446814282.39; 1446814284.0; 1446814284.2; 1446814286.11; 1446814291.05; cycle_1; ex_step
unit.000317; 1446814240.37; 1446814314.09; 1446814315.61; 1446814315.81; 1446814317.73; 1446814323.91; cycle_1; ex_step
unit.000316; 1446814240.37; 1446814313.47; 1446814315.12; 1446814315.32; 1446814317.13; 1446814322.5; cycle_1; ex_step
unit.000315; 1446814240.37; 1446814313.07; 1446814314.64; 1446814314.84; 1446814316.72; 1446814322.49; cycle_1; ex_step
unit.000314; 1446814240.37; 1446814312.37; 1446814313.98; 1446814314.18; 1446814316.02; 1446814321.11; cycle_1; ex_step
unit.000311; 1446814240.36; 1446814310.99; 1446814312.52; 1446814312.78; 1446814314.62; 1446814320.02; cycle_1; ex_step
unit.000310; 1446814240.36; 1446814310.18; 1446814311.86; 1446814312.06; 1446814313.91; 1446814318.93; cycle_1; ex_step
unit.000241; 1446814240.25; 1446814272.57; 1446814274.28; 1446814274.48; 1446814276.37; 1446814281.08; cycle_1; ex_step
unit.000240; 1446814240.25; 1446814272.24; 1446814273.79; 1446814273.99; 1446814275.86; 1446814280.06; cycle_1; ex_step
unit.000243; 1446814240.25; 1446814273.65; 1446814275.44; 1446814275.62; 1446814277.51; 1446814282.18; cycle_1; ex_step
unit.000242; 1446814240.25; 1446814273.24; 1446814274.76; 1446814274.96; 1446814276.77; 1446814281.15; cycle_1; ex_step
unit.000245; 1446814240.26; 1446814274.77; 1446814276.44; 1446814276.59; 1446814278.78; 1446814283.28; cycle_1; ex_step
unit.000244; 1446814240.25; 1446814274.24; 1446814275.9; 1446814276.11; 1446814277.97; 1446814282.25; cycle_1; ex_step
unit.000247; 1446814240.26; 1446814275.84; 1446814277.53; 1446814277.74; 1446814279.68; 1446814284.39; cycle_1; ex_step
unit.000246; 1446814240.26; 1446814275.27; 1446814276.88; 1446814277.08; 1446814278.98; 1446814283.35; cycle_1; ex_step
unit.000249; 1446814240.26; 1446814277.0; 1446814278.68; 1446814278.88; 1446814280.69; 1446814285.48; cycle_1; ex_step
unit.000248; 1446814240.26; 1446814276.28; 1446814278.02; 1446814278.22; 1446814280.08; 1446814284.49; cycle_1; ex_step
unit.000364; 1446814240.45; 1446814341.25; 1446814342.82; 1446814343.03; 1446814344.93; 1446814350.05; cycle_1; ex_step
unit.000365; 1446814240.45; 1446814341.83; 1446814343.65; 1446814343.86; 1446814345.63; 1446814351.17; cycle_1; ex_step
unit.000362; 1446814240.45; 1446814340.24; 1446814341.85; 1446814342.05; 1446814343.92; 1446814348.96; cycle_1; ex_step
unit.000363; 1446814240.45; 1446814340.59; 1446814342.34; 1446814342.54; 1446814344.33; 1446814350.05; cycle_1; ex_step
unit.000360; 1446814240.44; 1446814339.14; 1446814340.87; 1446814341.08; 1446814342.92; 1446814347.77; cycle_1; ex_step
unit.000361; 1446814240.44; 1446814339.31; 1446814341.19; 1446814341.39; 1446814343.22; 1446814348.95; cycle_1; ex_step
unit.000274; 1446814240.3; 1446814290.05; 1446814291.97; 1446814292.17; 1446814294.74; 1446814299.07; cycle_1; ex_step
unit.000275; 1446814240.3; 1446814290.59; 1446814292.29; 1446814292.49; 1446814295.64; 1446814300.15; cycle_1; ex_step
unit.000276; 1446814240.31; 1446814291.33; 1446814293.07; 1446814293.27; 1446814296.54; 1446814300.16; cycle_1; ex_step
unit.000277; 1446814240.31; 1446814291.6; 1446814293.27; 1446814294.72; 1446814296.65; 1446814301.25; cycle_1; ex_step
unit.000270; 1446814240.3; 1446814287.91; 1446814289.6; 1446814289.81; 1446814291.63; 1446814296.76; cycle_1; ex_step
unit.000271; 1446814240.3; 1446814288.56; 1446814290.16; 1446814290.36; 1446814292.24; 1446814297.95; cycle_1; ex_step
unit.000272; 1446814240.3; 1446814288.97; 1446814290.65; 1446814290.85; 1446814292.73; 1446814297.95; cycle_1; ex_step
unit.000273; 1446814240.3; 1446814289.57; 1446814291.13; 1446814291.33; 1446814293.74; 1446814299.07; cycle_1; ex_step
unit.000375; 1446814240.47; 1446814347.4; 1446814349.04; 1446814349.24; 1446814351.15; 1446814356.72; cycle_1; ex_step
unit.000374; 1446814240.46; 1446814346.84; 1446814348.55; 1446814348.75; 1446814350.65; 1446814355.63; cycle_1; ex_step
unit.000377; 1446814240.47; 1446814348.48; 1446814350.02; 1446814350.22; 1446814352.05; 1446814357.81; cycle_1; ex_step
unit.000376; 1446814240.47; 1446814347.97; 1446814349.7; 1446814349.9; 1446814351.75; 1446814356.72; cycle_1; ex_step
unit.000278; 1446814240.31; 1446814292.41; 1446814294.82; 1446814295.02; 1446814297.05; 1446814301.24; cycle_1; ex_step
unit.000279; 1446814240.31; 1446814292.6; 1446814295.02; 1446814295.22; 1446814297.15; 1446814302.33; cycle_1; ex_step
unit.000373; 1446814240.46; 1446814346.39; 1446814347.95; 1446814348.1; 1446814349.95; 1446814355.63; cycle_1; ex_step
unit.000372; 1446814240.46; 1446814345.77; 1446814347.41; 1446814347.61; 1446814349.44; 1446814354.52; cycle_1; ex_step
unit.000340; 1446814240.41; 1446814327.75; 1446814329.39; 1446814329.59; 1446814331.48; 1446814336.75; cycle_1; ex_step
unit.000341; 1446814240.41; 1446814328.35; 1446814330.05; 1446814330.25; 1446814332.08; 1446814337.79; cycle_1; ex_step
unit.000342; 1446814240.41; 1446814328.76; 1446814330.36; 1446814330.56; 1446814332.38; 1446814337.86; cycle_1; ex_step
unit.000343; 1446814240.42; 1446814329.46; 1446814331.02; 1446814331.25; 1446814333.08; 1446814338.95; cycle_1; ex_step
unit.000344; 1446814240.42; 1446814329.86; 1446814331.51; 1446814331.71; 1446814333.59; 1446814338.95; cycle_1; ex_step
unit.000345; 1446814240.42; 1446814330.52; 1446814332.34; 1446814332.54; 1446814334.39; 1446814340.05; cycle_1; ex_step
unit.000346; 1446814240.42; 1446814330.94; 1446814332.65; 1446814332.86; 1446814334.69; 1446814340.05; cycle_1; ex_step
unit.000347; 1446814240.42; 1446814331.76; 1446814333.66; 1446814333.86; 1446814335.69; 1446814341.15; cycle_1; ex_step
unit.000348; 1446814240.42; 1446814332.04; 1446814333.86; 1446814334.06; 1446814335.89; 1446814341.15; cycle_1; ex_step
unit.000349; 1446814240.42; 1446814333.04; 1446814334.9; 1446814335.1; 1446814337.0; 1446814342.25; cycle_1; ex_step
unit.000269; 1446814240.3; 1446814287.57; 1446814289.12; 1446814289.32; 1446814291.23; 1446814296.76; cycle_1; ex_step
unit.000268; 1446814240.29; 1446814286.84; 1446814288.46; 1446814288.66; 1446814290.52; 1446814295.67; cycle_1; ex_step
unit.000263; 1446814240.29; 1446814284.46; 1446814286.03; 1446814286.23; 1446814288.02; 1446814293.24; cycle_1; ex_step
unit.000262; 1446814240.28; 1446814283.57; 1446814285.3; 1446814285.5; 1446814287.41; 1446814292.24; cycle_1; ex_step
unit.000261; 1446814240.28; 1446814283.44; 1446814285.1; 1446814285.3; 1446814287.21; 1446814292.14; cycle_1; ex_step
unit.000260; 1446814240.28; 1446814282.43; 1446814284.2; 1446814284.4; 1446814286.21; 1446814291.14; cycle_1; ex_step
unit.000267; 1446814240.29; 1446814286.57; 1446814288.15; 1446814288.35; 1446814290.22; 1446814295.66; cycle_1; ex_step
unit.000266; 1446814240.29; 1446814285.71; 1446814287.49; 1446814287.69; 1446814289.52; 1446814294.45; cycle_1; ex_step
unit.000265; 1446814240.29; 1446814285.51; 1446814287.17; 1446814287.37; 1446814289.22; 1446814294.32; cycle_1; ex_step
unit.000264; 1446814240.29; 1446814284.65; 1446814286.34; 1446814286.54; 1446814288.42; 1446814293.33; cycle_1; ex_step
unit.000128; 1446814075.89; 1446814077.19; 1446814084.31; 1446814084.74; 1446814085.37; 1446814109.34; cycle_1; md_step
unit.000009; 1446814075.7; 1446814077.27; 1446814096.59; 1446814096.85; 1446814097.38; 1446814155.31; cycle_1; md_step
unit.000008; 1446814075.7; 1446814077.26; 1446814094.55; 1446814094.76; 1446814095.37; 1446814147.37; cycle_1; md_step
unit.000007; 1446814075.7; 1446814077.22; 1446814089.49; 1446814089.69; 1446814090.3; 1446814127.69; cycle_1; md_step
unit.000006; 1446814075.7; 1446814077.17; 1446814081.33; 1446814081.53; 1446814082.18; 1446814098.66; cycle_1; md_step
unit.000005; 1446814075.7; 1446814077.2; 1446814085.64; 1446814085.84; 1446814086.48; 1446814112.55; cycle_1; md_step
unit.000004; 1446814075.7; 1446814077.4; 1446814117.3; 1446814117.5; 1446814118.12; 1446814236.35; cycle_1; md_step
unit.000003; 1446814075.69; 1446814077.37; 1446814113.44; 1446814113.64; 1446814114.3; 1446814221.48; cycle_1; md_step
unit.000002; 1446814075.69; 1446814077.39; 1446814115.88; 1446814116.08; 1446814116.71; 1446814231.4; cycle_1; md_step
unit.000001; 1446814075.69; 1446814077.31; 1446814102.67; 1446814102.93; 1446814103.51; 1446814179.72; cycle_1; md_step
unit.000000; 1446814075.69; 1446814077.3; 1446814102.27; 1446814102.47; 1446814103.11; 1446814178.2; cycle_1; md_step
unit.000129; 1446814075.89; 1446814077.19; 1446814085.23; 1446814085.43; 1446814086.07; 1446814111.04; cycle_1; md_step
unit.000087; 1446814075.83; 1446814077.15; 1446814077.87; 1446814078.08; 1446814078.76; 1446814086.41; cycle_1; md_step
unit.000086; 1446814075.82; 1446814077.38; 1446814114.25; 1446814114.45; 1446814115.11; 1446814224.78; cycle_1; md_step
unit.000085; 1446814075.82; 1446814077.4; 1446814116.49; 1446814116.69; 1446814117.32; 1446814233.05; cycle_1; md_step
unit.000084; 1446814075.82; 1446814077.39; 1446814116.08; 1446814116.28; 1446814116.92; 1446814231.32; cycle_1; md_step
unit.000083; 1446814075.82; 1446814077.39; 1446814115.47; 1446814115.67; 1446814116.31; 1446814229.73; cycle_1; md_step
unit.000082; 1446814075.82; 1446814077.38; 1446814114.46; 1446814114.66; 1446814115.31; 1446814225.23; cycle_1; md_step
unit.000081; 1446814075.82; 1446814077.38; 1446814113.64; 1446814113.84; 1446814114.5; 1446814222.19; cycle_1; md_step
unit.000080; 1446814075.81; 1446814077.37; 1446814113.04; 1446814113.24; 1446814113.9; 1446814219.84; cycle_1; md_step
unit.000164; 1446814075.95; 1446814077.24; 1446814092.53; 1446814092.81; 1446814093.34; 1446814139.83; cycle_1; md_step
unit.000165; 1446814075.95; 1446814077.38; 1446814114.66; 1446814114.86; 1446814115.51; 1446814226.42; cycle_1; md_step
unit.000166; 1446814075.95; 1446814077.2; 1446814086.45; 1446814086.65; 1446814087.28; 1446814115.87; cycle_1; md_step
unit.000167; 1446814075.95; 1446814077.32; 1446814104.1; 1446814104.3; 1446814104.96; 1446814184.97; cycle_1; md_step
unit.000160; 1446814075.94; 1446814077.25; 1446814093.13; 1446814093.34; 1446814094.05; 1446814142.01; cycle_1; md_step
unit.000122; 1446814075.88; 1446814077.16; 1446814080.31; 1446814080.51; 1446814081.17; 1446814094.66; cycle_1; md_step
unit.000089; 1446814075.83; 1446814077.16; 1446814079.29; 1446814079.5; 1446814080.07; 1446814090.94; cycle_1; md_step
unit.000088; 1446814075.83; 1446814077.15; 1446814078.68; 1446814078.88; 1446814079.46; 1446814088.06; cycle_1; md_step
unit.000173; 1446814075.96; 1446814077.21; 1446814087.26; 1446814087.46; 1446814088.09; 1446814119.16; cycle_1; md_step
unit.000172; 1446814075.96; 1446814077.18; 1446814082.54; 1446814082.75; 1446814083.39; 1446814103.13; cycle_1; md_step
unit.000171; 1446814075.96; 1446814077.16; 1446814078.89; 1446814079.09; 1446814079.67; 1446814089.41; cycle_1; md_step
unit.000123; 1446814075.88; 1446814077.17; 1446814080.92; 1446814081.12; 1446814081.78; 1446814097.15; cycle_1; md_step
unit.000177; 1446814075.97; 1446814077.3; 1446814100.91; 1446814101.05; 1446814101.7; 1446814171.87; cycle_1; md_step
unit.000176; 1446814075.97; 1446814077.28; 1446814097.6; 1446814097.86; 1446814098.38; 1446814159.5; cycle_1; md_step
unit.000175; 1446814075.96; 1446814077.25; 1446814093.95; 1446814094.15; 1446814094.83; 1446814145.63; cycle_1; md_step
unit.000174; 1446814075.96; 1446814077.22; 1446814090.3; 1446814090.5; 1446814091.11; 1446814130.73; cycle_1; md_step
unit.000179; 1446814075.97; 1446814077.34; 1446814108.36; 1446814108.56; 1446814109.17; 1446814201.71; cycle_1; md_step
unit.000178; 1446814075.97; 1446814077.32; 1446814104.7; 1446814104.95; 1446814105.53; 1446814187.3; cycle_1; md_step
unit.000078; 1446814075.81; 1446814077.19; 1446814085.03; 1446814085.23; 1446814085.87; 1446814110.99; cycle_1; md_step
unit.000079; 1446814075.81; 1446814077.22; 1446814089.08; 1446814089.29; 1446814089.9; 1446814126.18; cycle_1; md_step
unit.000072; 1446814075.8; 1446814077.34; 1446814107.99; 1446814108.15; 1446814108.77; 1446814200.06; cycle_1; md_step
unit.000073; 1446814075.8; 1446814077.34; 1446814108.56; 1446814108.76; 1446814109.37; 1446814202.48; cycle_1; md_step
unit.000070; 1446814075.8; 1446814077.33; 1446814106.73; 1446814106.98; 1446814107.55; 1446814195.11; cycle_1; md_step
unit.000071; 1446814075.8; 1446814077.34; 1446814107.34; 1446814107.54; 1446814108.16; 1446814197.93; cycle_1; md_step
unit.000076; 1446814075.81; 1446814077.4; 1446814116.89; 1446814117.1; 1446814117.72; 1446814234.71; cycle_1; md_step
unit.000077; 1446814075.81; 1446814077.36; 1446814111.02; 1446814111.21; 1446814111.78; 1446814211.74; cycle_1; md_step
unit.000074; 1446814075.81; 1446814077.35; 1446814109.17; 1446814109.37; 1446814110.01; 1446814205.07; cycle_1; md_step
unit.000075; 1446814075.81; 1446814077.37; 1446814112.83; 1446814113.04; 1446814113.7; 1446814219.14; cycle_1; md_step
unit.000106; 1446814075.86; 1446814077.22; 1446814090.09; 1446814090.3; 1446814090.91; 1446814130.55; cycle_1; md_step
unit.000107; 1446814075.86; 1446814077.22; 1446814090.5; 1446814090.78; 1446814091.32; 1446814132.19; cycle_1; md_step
unit.000104; 1446814075.85; 1446814077.22; 1446814089.28; 1446814089.49; 1446814090.1; 1446814127.35; cycle_1; md_step
unit.000105; 1446814075.85; 1446814077.22; 1446814089.69; 1446814089.89; 1446814090.51; 1446814128.96; cycle_1; md_step
unit.000102; 1446814075.85; 1446814077.21; 1446814088.07; 1446814088.27; 1446814088.89; 1446814122.48; cycle_1; md_step
unit.000103; 1446814075.85; 1446814077.22; 1446814088.88; 1446814089.08; 1446814089.77; 1446814125.7; cycle_1; md_step
unit.000100; 1446814075.85; 1446814077.2; 1446814087.06; 1446814087.26; 1446814087.88; 1446814118.62; cycle_1; md_step
unit.000101; 1446814075.85; 1446814077.21; 1446814087.66; 1446814087.87; 1446814088.49; 1446814120.84; cycle_1; md_step
unit.000108; 1446814075.86; 1446814077.23; 1446814091.11; 1446814091.31; 1446814091.92; 1446814133.78; cycle_1; md_step
unit.000109; 1446814075.86; 1446814077.24; 1446814091.72; 1446814091.92; 1446814092.53; 1446814136.81; cycle_1; md_step
unit.000188; 1446814075.98; 1446814077.31; 1446814103.95; 1446814104.09; 1446814104.72; 1446814184.26; cycle_1; md_step
unit.000189; 1446814075.99; 1446814077.34; 1446814107.75; 1446814107.99; 1446814108.56; 1446814199.44; cycle_1; md_step
unit.000186; 1446814075.98; 1446814077.27; 1446814097.2; 1446814097.4; 1446814097.98; 1446814157.97; cycle_1; md_step
unit.000187; 1446814075.98; 1446814077.15; 1446814078.48; 1446814078.68; 1446814079.26; 1446814087.89; cycle_1; md_step
unit.000184; 1446814075.98; 1446814077.22; 1446814089.89; 1446814090.1; 1446814090.78; 1446814129.19; cycle_1; md_step
unit.000185; 1446814075.98; 1446814077.3; 1446814100.44; 1446814100.64; 1446814101.3; 1446814170.1; cycle_1; md_step
unit.000182; 1446814075.98; 1446814077.21; 1446814088.68; 1446814088.88; 1446814089.5; 1446814124.67; cycle_1; md_step
unit.000183; 1446814075.98; 1446814077.2; 1446814086.24; 1446814086.45; 1446814087.08; 1446814115.58; cycle_1; md_step
unit.000180; 1446814075.97; 1446814077.37; 1446814112.22; 1446814112.43; 1446814113.09; 1446814216.61; cycle_1; md_step
unit.000181; 1446814075.97; 1446814077.39; 1446814114.86; 1446814115.06; 1446814115.71; 1446814226.75; cycle_1; md_step
unit.000069; 1446814075.8; 1446814077.33; 1446814106.12; 1446814106.33; 1446814106.98; 1446814193.5; cycle_1; md_step
unit.000068; 1446814075.8; 1446814077.33; 1446814105.51; 1446814105.72; 1446814106.33; 1446814190.33; cycle_1; md_step
unit.000061; 1446814075.79; 1446814077.3; 1446814101.05; 1446814101.25; 1446814101.92; 1446814173.52; cycle_1; md_step
unit.000060; 1446814075.78; 1446814077.29; 1446814100.24; 1446814100.44; 1446814101.1; 1446814170.23; cycle_1; md_step
unit.000063; 1446814075.79; 1446814077.3; 1446814102.06; 1446814102.27; 1446814102.94; 1446814176.69; cycle_1; md_step
unit.000062; 1446814075.79; 1446814077.3; 1446814101.45; 1446814101.66; 1446814102.31; 1446814175.17; cycle_1; md_step
unit.000065; 1446814075.79; 1446814077.31; 1446814103.28; 1446814103.48; 1446814104.12; 1446814181.75; cycle_1; md_step
unit.000064; 1446814075.79; 1446814077.37; 1446814111.61; 1446814111.82; 1446814112.49; 1446814214.57; cycle_1; md_step
unit.000067; 1446814075.79; 1446814077.32; 1446814104.96; 1446814105.11; 1446814105.73; 1446814188.26; cycle_1; md_step
unit.000066; 1446814075.79; 1446814077.32; 1446814104.3; 1446814104.5; 1446814105.12; 1446814185.77; cycle_1; md_step
unit.000115; 1446814075.87; 1446814077.26; 1446814094.96; 1446814095.16; 1446814095.77; 1446814148.88; cycle_1; md_step
unit.000114; 1446814075.87; 1446814077.26; 1446814095.57; 1446814095.84; 1446814096.37; 1446814151.91; cycle_1; md_step
unit.000117; 1446814075.87; 1446814077.27; 1446814096.39; 1446814096.59; 1446814097.17; 1446814154.93; cycle_1; md_step
unit.000116; 1446814075.87; 1446814077.27; 1446814096.85; 1446814097.0; 1446814097.58; 1446814156.46; cycle_1; md_step
unit.000111; 1446814075.86; 1446814077.25; 1446814092.93; 1446814093.13; 1446814093.82; 1446814141.34; cycle_1; md_step
unit.000110; 1446814075.86; 1446814077.24; 1446814092.33; 1446814092.53; 1446814093.14; 1446814138.71; cycle_1; md_step
unit.000113; 1446814075.87; 1446814077.26; 1446814094.35; 1446814094.55; 1446814095.16; 1446814147.21; cycle_1; md_step
unit.000112; 1446814075.86; 1446814077.25; 1446814093.82; 1446814093.94; 1446814094.56; 1446814144.31; cycle_1; md_step
unit.000119; 1446814075.88; 1446814077.18; 1446814081.94; 1446814082.14; 1446814082.78; 1446814101.26; cycle_1; md_step
unit.000118; 1446814075.87; 1446814077.15; 1446814078.28; 1446814078.48; 1446814079.06; 1446814086.36; cycle_1; md_step
unit.000191; 1446814075.99; 1446814077.27; 1446814097.0; 1446814097.2; 1446814097.78; 1446814156.96; cycle_1; md_step
unit.000190; 1446814075.99; 1446814077.15; 1446814078.08; 1446814078.28; 1446814078.86; 1446814084.83; cycle_1; md_step
unit.000058; 1446814075.78; 1446814077.28; 1446814099.02; 1446814099.23; 1446814099.9; 1446814165.21; cycle_1; md_step
unit.000059; 1446814075.78; 1446814077.29; 1446814099.63; 1446814099.9; 1446814100.49; 1446814167.08; cycle_1; md_step
unit.000054; 1446814075.77; 1446814077.4; 1446814116.69; 1446814116.89; 1446814117.52; 1446814234.42; cycle_1; md_step
unit.000055; 1446814075.78; 1446814077.29; 1446814100.03; 1446814100.24; 1446814100.91; 1446814168.59; cycle_1; md_step
unit.000056; 1446814075.78; 1446814077.28; 1446814098.01; 1446814098.21; 1446814098.89; 1446814161.01; cycle_1; md_step
unit.000057; 1446814075.78; 1446814077.28; 1446814098.42; 1446814098.62; 1446814099.29; 1446814162.53; cycle_1; md_step
unit.000050; 1446814075.77; 1446814077.38; 1446814113.85; 1446814114.05; 1446814114.7; 1446814223.13; cycle_1; md_step
unit.000051; 1446814075.77; 1446814077.39; 1446814115.06; 1446814115.27; 1446814115.91; 1446814228.07; cycle_1; md_step
unit.000052; 1446814075.77; 1446814077.39; 1446814115.67; 1446814115.88; 1446814116.51; 1446814229.8; cycle_1; md_step
unit.000053; 1446814075.77; 1446814077.39; 1446814116.28; 1446814116.49; 1446814117.12; 1446814232.84; cycle_1; md_step
unit.000043; 1446814075.76; 1446814077.35; 1446814109.38; 1446814109.58; 1446814110.18; 1446814205.5; cycle_1; md_step
unit.000042; 1446814075.76; 1446814077.34; 1446814107.14; 1446814107.34; 1446814108.0; 1446814196.76; cycle_1; md_step
unit.000041; 1446814075.75; 1446814077.31; 1446814103.08; 1446814103.28; 1446814103.95; 1446814181.23; cycle_1; md_step
unit.000040; 1446814075.75; 1446814077.29; 1446814099.43; 1446814099.63; 1446814100.29; 1446814166.92; cycle_1; md_step
unit.000047; 1446814075.76; 1446814077.37; 1446814112.03; 1446814112.22; 1446814112.89; 1446814216.09; cycle_1; md_step
unit.000046; 1446814075.76; 1446814077.36; 1446814111.21; 1446814111.41; 1446814112.03; 1446814213.05; cycle_1; md_step
unit.000045; 1446814075.76; 1446814077.36; 1446814110.6; 1446814110.8; 1446814111.38; 1446814210.03; cycle_1; md_step
unit.000044; 1446814075.76; 1446814077.35; 1446814110.01; 1446814110.19; 1446814110.78; 1446814208.37; cycle_1; md_step
unit.000120; 1446814075.88; 1446814077.16; 1446814079.09; 1446814079.29; 1446814079.87; 1446814089.71; cycle_1; md_step
unit.000121; 1446814075.88; 1446814077.16; 1446814079.7; 1446814079.9; 1446814080.47; 1446814092.47; cycle_1; md_step
unit.000049; 1446814075.77; 1446814077.37; 1446814113.24; 1446814113.44; 1446814114.1; 1446814220.67; cycle_1; md_step
unit.000048; 1446814075.77; 1446814077.37; 1446814112.63; 1446814112.83; 1446814113.49; 1446814218.19; cycle_1; md_step
unit.000124; 1446814075.88; 1446814077.18; 1446814081.53; 1446814081.73; 1446814082.38; 1446814099.61; cycle_1; md_step
unit.000125; 1446814075.89; 1446814077.18; 1446814082.14; 1446814082.34; 1446814082.98; 1446814101.61; cycle_1; md_step
unit.000126; 1446814075.89; 1446814077.18; 1446814082.75; 1446814082.95; 1446814083.96; 1446814104.46; cycle_1; md_step
unit.000127; 1446814075.89; 1446814077.19; 1446814083.36; 1446814083.56; 1446814085.07; 1446814107.69; cycle_1; md_step
unit.000168; 1446814075.95; 1446814077.19; 1446814083.16; 1446814083.36; 1446814084.87; 1446814106.05; cycle_1; md_step
unit.000169; 1446814075.96; 1446814077.36; 1446814110.8; 1446814111.02; 1446814111.58; 1446814211.54; cycle_1; md_step
unit.000036; 1446814075.75; 1446814077.33; 1446814105.31; 1446814105.51; 1446814106.13; 1446814189.85; cycle_1; md_step
unit.000037; 1446814075.75; 1446814077.33; 1446814105.72; 1446814105.97; 1446814106.53; 1446814191.49; cycle_1; md_step
unit.000034; 1446814075.74; 1446814077.31; 1446814103.69; 1446814103.95; 1446814104.52; 1446814183.33; cycle_1; md_step
unit.000035; 1446814075.74; 1446814077.32; 1446814104.5; 1446814104.7; 1446814105.32; 1446814186.62; cycle_1; md_step
unit.000032; 1446814075.74; 1446814077.35; 1446814109.58; 1446814109.78; 1446814110.38; 1446814206.72; cycle_1; md_step
unit.000033; 1446814075.74; 1446814077.31; 1446814102.93; 1446814103.08; 1446814103.71; 1446814180.11; cycle_1; md_step
unit.000030; 1446814075.74; 1446814077.3; 1446814101.25; 1446814101.45; 1446814102.1; 1446814173.66; cycle_1; md_step
unit.000031; 1446814075.74; 1446814077.3; 1446814101.66; 1446814101.92; 1446814102.51; 1446814175.17; cycle_1; md_step
unit.000137; 1446814075.9; 1446814077.16; 1446814080.11; 1446814080.31; 1446814080.97; 1446814093.97; cycle_1; md_step
unit.000136; 1446814075.9; 1446814077.25; 1446814093.34; 1446814093.54; 1446814094.15; 1446814142.86; cycle_1; md_step
unit.000135; 1446814075.9; 1446814077.29; 1446814099.9; 1446814100.03; 1446814100.7; 1446814168.57; cycle_1; md_step
unit.000134; 1446814075.9; 1446814077.21; 1446814088.47; 1446814088.68; 1446814089.29; 1446814124.06; cycle_1; md_step
unit.000133; 1446814075.9; 1446814077.21; 1446814087.86; 1446814088.07; 1446814088.69; 1446814121.65; cycle_1; md_step
unit.000132; 1446814075.9; 1446814077.21; 1446814087.46; 1446814087.66; 1446814088.29; 1446814120.13; cycle_1; md_step
unit.000038; 1446814075.75; 1446814077.33; 1446814106.33; 1446814106.53; 1446814107.14; 1446814193.36; cycle_1; md_step
unit.000039; 1446814075.75; 1446814077.34; 1446814106.98; 1446814107.14; 1446814107.75; 1446814196.41; cycle_1; md_step
unit.000161; 1446814075.94; 1446814077.37; 1446814111.41; 1446814111.61; 1446814112.19; 1446814213.32; cycle_1; md_step
unit.000162; 1446814075.94; 1446814077.23; 1446814090.7; 1446814090.91; 1446814091.52; 1446814132.26; cycle_1; md_step
unit.000163; 1446814075.95; 1446814077.35; 1446814109.0; 1446814109.17; 1446814109.77; 1446814203.99; cycle_1; md_step
unit.000025; 1446814075.73; 1446814077.28; 1446814098.21; 1446814098.41; 1446814099.09; 1446814161.9; cycle_1; md_step
unit.000024; 1446814075.73; 1446814077.28; 1446814097.86; 1446814098.01; 1446814098.58; 1446814160.25; cycle_1; md_step
unit.000027; 1446814075.73; 1446814077.35; 1446814109.79; 1446814110.01; 1446814110.58; 1446814207.01; cycle_1; md_step
unit.000026; 1446814075.73; 1446814077.39; 1446814115.27; 1446814115.47; 1446814116.11; 1446814228.28; cycle_1; md_step
unit.000021; 1446814075.72; 1446814077.33; 1446814106.53; 1446814106.73; 1446814107.35; 1446814194.89; cycle_1; md_step
unit.000020; 1446814075.72; 1446814077.31; 1446814102.47; 1446814102.67; 1446814103.31; 1446814178.46; cycle_1; md_step
unit.000023; 1446814075.73; 1446814077.4; 1446814117.1; 1446814117.3; 1446814117.92; 1446814236.0; cycle_1; md_step
unit.000022; 1446814075.72; 1446814077.36; 1446814110.19; 1446814110.39; 1446814111.02; 1446814208.52; cycle_1; md_step
unit.000029; 1446814075.73; 1446814077.29; 1446814099.23; 1446814099.43; 1446814100.09; 1446814165.56; cycle_1; md_step
unit.000028; 1446814075.73; 1446814077.28; 1446814098.62; 1446814098.89; 1446814099.49; 1446814163.55; cycle_1; md_step
unit.000170; 1446814075.96; 1446814077.31; 1446814103.49; 1446814103.69; 1446814104.32; 1446814182.74; cycle_1; md_step
unit.000159; 1446814075.94; 1446814077.38; 1446814114.05; 1446814114.25; 1446814114.9; 1446814223.71; cycle_1; md_step
unit.000139; 1446814075.91; 1446814077.23; 1446814090.91; 1446814091.11; 1446814091.79; 1446814133.84; cycle_1; md_step
unit.000158; 1446814075.94; 1446814077.27; 1446814095.84; 1446814095.98; 1446814096.57; 1446814152.02; cycle_1; md_step
unit.000138; 1446814075.91; 1446814077.16; 1446814079.5; 1446814079.7; 1446814080.37; 1446814091.35; cycle_1; md_step
unit.000148; 1446814075.92; 1446814077.2; 1446814086.85; 1446814087.05; 1446814087.68; 1446814117.51; cycle_1; md_step
unit.000149; 1446814075.92; 1446814077.27; 1446814097.4; 1446814097.6; 1446814098.18; 1446814158.61; cycle_1; md_step
unit.000142; 1446814075.91; 1446814077.25; 1446814092.73; 1446814092.93; 1446814093.54; 1446814140.35; cycle_1; md_step
unit.000143; 1446814075.91; 1446814077.25; 1446814093.54; 1446814093.74; 1446814094.35; 1446814143.98; cycle_1; md_step
unit.000140; 1446814075.91; 1446814077.24; 1446814091.51; 1446814091.79; 1446814092.33; 1446814135.41; cycle_1; md_step
unit.000141; 1446814075.91; 1446814077.24; 1446814092.12; 1446814092.32; 1446814092.94; 1446814138.31; cycle_1; md_step
unit.000146; 1446814075.92; 1446814077.26; 1446814095.36; 1446814095.57; 1446814096.17; 1446814150.39; cycle_1; md_step
unit.000147; 1446814075.92; 1446814077.27; 1446814096.18; 1446814096.39; 1446814096.97; 1446814153.67; cycle_1; md_step
unit.000144; 1446814075.91; 1446814077.25; 1446814094.15; 1446814094.35; 1446814094.96; 1446814145.85; cycle_1; md_step
unit.000145; 1446814075.92; 1446814077.26; 1446814094.83; 1446814094.96; 1446814095.57; 1446814148.79; cycle_1; md_step
unit.000018; 1446814075.72; 1446814077.27; 1446814095.98; 1446814096.18; 1446814096.77; 1446814153.41; cycle_1; md_step
unit.000019; 1446814075.72; 1446814077.28; 1446814098.89; 1446814099.02; 1446814099.69; 1446814164.05; cycle_1; md_step
unit.000010; 1446814075.7; 1446814077.34; 1446814107.54; 1446814107.75; 1446814108.36; 1446814198.41; cycle_1; md_step
unit.000011; 1446814075.71; 1446814077.34; 1446814108.15; 1446814108.36; 1446814109.0; 1446814200.95; cycle_1; md_step
unit.000012; 1446814075.71; 1446814077.34; 1446814108.76; 1446814109.0; 1446814109.57; 1446814203.42; cycle_1; md_step
unit.000013; 1446814075.71; 1446814077.36; 1446814110.4; 1446814110.6; 1446814111.18; 1446814210.09; cycle_1; md_step
unit.000014; 1446814075.71; 1446814077.17; 1446814080.72; 1446814080.92; 1446814081.58; 1446814096.3; cycle_1; md_step
unit.000015; 1446814075.71; 1446814077.37; 1446814111.82; 1446814112.03; 1446814112.69; 1446814214.96; cycle_1; md_step
unit.000016; 1446814075.71; 1446814077.37; 1446814112.43; 1446814112.63; 1446814113.29; 1446814217.61; cycle_1; md_step
unit.000017; 1446814075.72; 1446814077.24; 1446814091.92; 1446814092.12; 1446814092.81; 1446814137.06; cycle_1; md_step
unit.000151; 1446814075.93; 1446814077.19; 1446814083.81; 1446814084.47; 1446814085.27; 1446814108.02; cycle_1; md_step
unit.000131; 1446814075.89; 1446814077.2; 1446814086.65; 1446814086.85; 1446814087.48; 1446814117.09; cycle_1; md_step
unit.000150; 1446814075.92; 1446814077.32; 1446814105.11; 1446814105.31; 1446814105.97; 1446814188.82; cycle_1; md_step
unit.000130; 1446814075.89; 1446814077.2; 1446814085.84; 1446814086.04; 1446814086.68; 1446814114.06; cycle_1; md_step
unit.000090; 1446814075.83; 1446814077.16; 1446814079.9; 1446814080.11; 1446814080.77; 1446814093.01; cycle_1; md_step
unit.000091; 1446814075.83; 1446814077.16; 1446814080.51; 1446814080.72; 1446814081.37; 1446814095.64; cycle_1; md_step
unit.000092; 1446814075.83; 1446814077.17; 1446814081.12; 1446814081.33; 1446814081.98; 1446814097.95; cycle_1; md_step
unit.000093; 1446814075.83; 1446814077.18; 1446814081.73; 1446814081.93; 1446814082.58; 1446814100.16; cycle_1; md_step
unit.000094; 1446814075.84; 1446814077.18; 1446814082.34; 1446814082.55; 1446814083.19; 1446814102.88; cycle_1; md_step
unit.000095; 1446814075.84; 1446814077.18; 1446814082.95; 1446814083.16; 1446814084.76; 1446814105.0; cycle_1; md_step
unit.000096; 1446814075.84; 1446814077.19; 1446814083.56; 1446814083.97; 1446814084.97; 1446814106.51; cycle_1; md_step
unit.000097; 1446814075.84; 1446814077.19; 1446814084.82; 1446814085.02; 1446814085.67; 1446814109.53; cycle_1; md_step
unit.000098; 1446814075.84; 1446814077.19; 1446814085.43; 1446814085.64; 1446814086.27; 1446814112.58; cycle_1; md_step
unit.000099; 1446814075.84; 1446814077.2; 1446814086.04; 1446814086.24; 1446814086.88; 1446814114.22; cycle_1; md_step
unit.000153; 1446814075.93; 1446814077.23; 1446814091.31; 1446814091.51; 1446814092.13; 1446814135.29; cycle_1; md_step
unit.000152; 1446814075.93; 1446814077.21; 1446814088.27; 1446814088.47; 1446814089.09; 1446814123.16; cycle_1; md_step
unit.000155; 1446814075.93; 1446814077.3; 1446814100.64; 1446814100.91; 1446814101.5; 1446814172.14; cycle_1; md_step
unit.000154; 1446814075.93; 1446814077.26; 1446814095.16; 1446814095.36; 1446814095.97; 1446814150.44; cycle_1; md_step
unit.000157; 1446814075.94; 1446814077.33; 1446814105.96; 1446814106.12; 1446814106.74; 1446814191.85; cycle_1; md_step
unit.000156; 1446814075.93; 1446814077.3; 1446814101.92; 1446814102.06; 1446814102.71; 1446814176.81; cycle_1; md_step
